,internet,tweets,coverage,conditions,From Milan,To Milan,Days,Hours,dayofyear
0,145.02800154780917,1.0,0.0,0.0,0.0,0.06897721849723312,4,0,312
1,165.62181589682015,0.0,0.0,0.0,0.2508910182470942,0.051019795038763735,4,0,312
2,164.0940930073092,0.0,0.0,0.0,0.2508910182470942,0.10203959007752747,4,0,312
3,149.95016639061527,1.0,0.0,0.0,0.0,0.0,4,0,312
4,163.2442287493215,0.0,0.0,0.0,0.9936959781544652,0.0,4,0,312
5,146.56446375852175,0.0,0.0,0.0,0.051019795038763735,0.0,4,0,312
6,147.37989052936948,1.0,0.0,0.0,0.0,0.0,4,1,312
7,153.06483566149234,1.0,0.0,0.0,0.0,0.0,4,1,312
8,132.60010427576557,1.0,0.0,0.0,0.0,0.0,4,1,312
9,133.49389764908318,0.0,0.0,0.0,0.0,0.0,4,1,312
10,141.9518188406813,0.0,0.0,0.0,0.0,0.0,4,1,312
11,131.2952282930814,0.0,0.0,0.0,0.0,0.0,4,1,312
12,128.60174746098778,0.0,0.0,0.0,0.331231992718155,0.0,4,2,312
13,137.91987671838064,1.0,0.0,0.0,0.051019795038763735,0.0,4,2,312
14,132.21078184907566,0.0,0.0,0.0,0.0,0.9073423720657084,4,2,312
15,132.4258618884646,0.0,0.0,0.0,0.0,0.0,4,2,312
16,143.41546251526785,0.0,0.0,0.0,1.2996041122428004,0.017957423458469388,4,2,312
17,134.27337749415622,0.0,0.0,0.0,0.0,0.0,4,2,312
18,126.22420291760464,0.0,0.0,0.0,0.0,0.0,4,3,312
19,123.4980921030311,0.0,0.0,0.0,0.051019795038763735,0.0,4,3,312
20,129.33623538345864,0.0,0.0,0.0,0.0,0.0,4,3,312
21,118.67551281498302,0.0,0.0,0.0,0.0,0.0,4,3,312
22,122.44529145528395,0.0,0.0,0.0,0.0,0.0,4,3,312
23,128.48150303234286,0.0,0.0,0.0,0.0,0.0,4,3,312
24,130.03564463660916,0.0,0.0,0.0,0.0,0.0,4,4,312
25,127.2398324816144,0.0,0.0,0.0,0.2508910182470942,0.0,4,4,312
26,128.72805502553155,0.0,0.0,0.0,0.39226174017709203,0.0,4,4,312
27,129.0329690885627,0.0,0.0,0.0,0.0,0.0,4,4,312
28,123.63081161801996,0.0,10.0,1.0,0.0,0.0,4,4,312
29,124.06617423296949,0.0,1.0,1.0,0.0,0.0,4,4,312
30,126.22536475470969,0.0,0.0,0.0,0.39226174017709203,0.0,4,5,312
31,125.5927030328288,0.0,0.0,0.0,0.0,0.9583621671044722,4,5,312
32,125.43405670837559,0.0,0.0,0.0,0.39226174017709203,0.331231992718155,4,5,312
33,120.11468910661192,0.0,4.0,1.0,0.051019795038763735,0.331231992718155,4,5,312
34,138.8665114335252,0.0,0.0,0.0,0.39226174017709203,0.0,4,5,312
35,153.1111912596269,0.0,0.0,0.0,1.0533719220597475,0.051019795038763735,4,5,312
36,158.56130730232562,0.0,0.0,0.0,1.2385743647838634,1.2996041122428004,4,6,312
37,188.8466589738855,0.0,0.0,0.0,0.7234937328952471,1.620826152540782,4,6,312
38,222.85460624553008,0.0,0.0,0.0,0.6066741019083604,1.0301918609383496,4,6,312
39,262.3388475770549,0.0,0.0,0.0,3.8840456667121006,1.6308361049609554,4,6,312
40,241.95963230317955,0.0,0.0,0.0,2.372287261314672,1.8524059437757523,4,6,312
41,232.65406113499463,1.0,0.0,0.0,3.0995221863579165,1.849584065600225,4,6,312
42,279.98646050233157,0.0,0.0,0.0,4.8726466491649125,3.0563080047711875,4,7,312
43,296.9520648460617,2.0,0.0,0.0,1.2967822340672728,3.985165942817158,4,7,312
44,307.7809102874448,0.0,0.0,0.0,3.318270146997186,4.172063477843526,4,7,312
45,440.7134834381226,1.0,0.0,0.0,3.942546167990433,5.012575822391089,4,7,312
46,482.7911639985893,2.0,0.0,0.0,5.52134779719642,4.348898175573146,4,7,312
47,477.8955719921544,3.0,0.0,0.0,5.774895703585394,6.9411289993161605,4,7,312
48,501.6802062326087,1.0,0.0,0.0,3.716673005485177,4.226966322616549,4,8,312
49,505.5701646398615,0.0,0.0,0.0,5.421370688500769,4.42023050744718,4,8,312
50,432.20611589860914,0.0,0.0,0.0,5.7983998385947615,3.8999406087886928,4,8,312
51,499.8391149611383,8.0,0.0,0.0,6.959101088896524,6.841602724380016,4,8,312
52,455.33577931603827,4.0,0.0,0.0,3.4226954476126306,6.6647839203318044,4,8,312
53,570.2281035890671,1.0,0.0,0.0,6.515752453179108,6.73421457009252,4,8,312
54,666.1440698112348,1.0,0.0,0.0,3.363275632361828,5.184439772909667,4,9,312
55,636.4370394757336,0.0,0.0,0.0,5.6333973396941195,7.808621040351005,4,9,312
56,636.2570433254535,5.0,0.0,0.0,8.307723056255929,9.038244946217002,4,9,312
57,597.7253294047492,1.0,0.0,0.0,7.932370938871631,9.460703211744685,4,9,312
58,619.1751244323518,1.0,0.0,0.0,3.3882628909425496,5.414520892361648,4,9,312
59,591.8078954868655,2.0,0.0,0.0,10.147943819617467,10.13337273679593,4,9,312
60,621.1221010219589,0.0,0.0,0.0,6.3469953912374155,8.186839003965003,4,10,312
61,634.9488988888626,1.0,0.0,0.0,3.7898116900866072,5.263721253878424,4,10,312
62,585.9367430020835,3.0,0.0,0.0,8.931068070440071,8.996898503549312,4,10,312
63,579.4122223468191,3.0,0.0,0.0,4.083916889920431,4.5624045942250016,4,10,312
64,612.729246977844,0.0,0.0,0.0,7.042196841041553,4.691608195333346,4,10,312
65,631.9588730335956,1.0,0.0,0.0,7.6605729770292665,5.680503487837509,4,10,312
66,721.6909878413411,1.0,0.0,0.0,8.511175554433436,5.1622760705609005,4,11,312
67,691.4423869658452,1.0,0.0,1.0,5.39940172861484,6.16585435917426,4,11,312
68,717.0997493702107,1.0,9.0,1.0,8.260993214014562,4.965851729449218,4,11,312
69,676.2681551754438,0.0,0.0,0.0,5.655658086843048,9.135785625409305,4,11,312
70,638.6130009904713,4.0,0.0,0.0,7.907353927861718,5.318157333852716,4,11,312
71,653.5491809962127,0.0,0.0,0.0,6.165870740710392,7.311241703266377,4,11,312
72,931.9565605499188,1.0,0.0,0.0,11.074176300007174,9.449677733876381,4,12,312
73,680.9594661920512,1.0,0.0,0.0,5.3732184177481335,7.018888293226949,4,12,312
74,763.2599303386403,1.0,0.0,0.0,7.587178843497484,4.729004487765216,4,12,312
75,637.7761230349965,1.0,0.0,0.0,5.42680228425152,10.038956543868732,4,12,312
76,817.1868883786317,0.0,0.0,0.0,3.255434046810852,9.155682116411276,4,12,312
77,591.7660253319533,3.0,0.0,0.0,7.553990508012338,5.58656960792067,4,12,312
78,614.874577040055,1.0,0.0,0.0,8.585406007754715,8.388356662721911,4,13,312
79,789.2199316370987,0.0,0.0,0.0,6.5034844321822955,7.519587703771447,4,13,312
80,669.4153795846316,0.0,0.0,0.0,9.484673266820847,11.855255458410875,4,13,312
81,568.9675751268351,0.0,0.0,0.0,4.064363749878812,7.232654234003952,4,13,312
82,542.7632091895422,0.0,0.0,0.0,6.794384020582648,10.326665341469106,4,13,312
83,569.3803761209226,0.0,0.0,0.0,5.615890787352967,6.23230233149089,4,13,312
84,549.1401607244737,0.0,1.0,1.0,4.352765331625994,5.084206535559536,4,14,312
85,631.0933508073138,0.0,3.0,1.0,2.2908031194342042,4.658545823753052,4,14,312
86,505.4150638674572,0.0,0.0,0.0,5.241472199566128,4.421486421468747,4,14,312
87,530.4071516284225,0.0,0.0,0.0,4.96588823278966,6.510244805114822,4,14,312
88,578.4461132356912,0.0,0.0,1.0,4.01405263266827,4.397063817218839,4,14,312
89,516.8160311299664,0.0,17.0,1.0,4.709596215952933,7.11806035901835,4,14,312
90,593.5162104766364,0.0,13.0,1.0,8.233154324829124,9.372414766235329,4,15,312
91,547.7058132109316,0.0,1.0,1.0,6.183180027800358,10.378973172146608,4,15,312
92,608.3493117856012,0.0,0.0,0.0,7.834059170049042,9.536401739687836,4,15,312
93,508.9998900570711,0.0,0.0,0.0,10.238956253770269,2.75156064718791,4,15,312
94,523.6731060674189,0.0,0.0,0.0,6.898891279690952,7.994484990336684,4,15,312
95,555.6871772459253,0.0,0.0,0.0,6.509227564252452,10.088222871056676,4,15,312
96,469.56765179117684,0.0,0.0,0.0,6.722186746710961,10.872904102678532,4,16,312
97,511.63311475159,0.0,0.0,0.0,3.3800592912497733,6.856738269662957,4,16,312
98,479.95006907585815,0.0,0.0,0.0,6.112757867128637,7.144867341219528,4,16,312
99,654.7426116621973,0.0,29.0,1.0,5.118316707805505,6.010523534588272,4,16,312
100,490.0417671244523,0.0,62.0,1.0,4.957309851650917,10.892754112917665,4,16,312
101,447.522907401838,0.0,35.0,1.0,4.400368841729227,9.420935912254604,4,16,312
102,407.4971761938578,0.0,58.0,1.0,6.67582577973624,6.945353337799019,4,17,312
103,390.35989842857765,0.0,38.0,1.0,4.346625058047022,11.982489192865502,4,17,312
104,378.08177607712264,0.0,12.0,1.0,5.2213104371395165,9.516381834847492,4,17,312
105,394.598375964374,0.0,2.0,1.0,5.90326046211589,3.9514129530011988,4,17,312
106,358.3883341468792,0.0,0.0,0.0,5.782843174623692,8.188937988687325,4,17,312
107,326.79411629088463,0.0,0.0,0.0,3.742111135183216,5.755313298969308,4,17,312
108,403.7185940246157,0.0,0.0,0.0,4.385700061245012,7.194789461359115,4,18,312
109,358.4714214381587,0.0,0.0,0.0,7.162388597040386,5.86692534124275,4,18,312
110,334.02988702141937,0.0,0.0,0.0,3.663590729064536,6.717158851510872,4,18,312
111,340.7527969910263,0.0,0.0,0.0,7.099810303564958,9.116046697085062,4,18,312
112,336.87499505220865,0.0,0.0,0.0,6.0550331441800855,5.6389432065130904,4,18,312
113,319.993301780596,0.0,0.0,0.0,4.968417478970265,10.142863872865306,4,18,312
114,369.2336383954522,0.0,0.0,0.0,7.028303838887119,8.074617006719926,4,19,312
115,311.55748640573813,0.0,0.0,0.0,4.811475044119714,5.655982994055513,4,19,312
116,279.67895859627043,0.0,0.0,0.0,2.3136449024500783,1.5417277211982314,4,19,312
117,301.21327948128163,0.0,0.0,0.0,3.9685795491804017,5.898376102558483,4,19,312
118,332.38933613871814,0.0,0.0,0.0,2.6004507676141104,2.8999741923056264,4,19,312
119,264.024371274319,0.0,0.0,0.0,3.2850495362944976,4.543967035074746,4,19,312
120,249.43198891401263,0.0,0.0,0.0,0.9643747987221679,2.379800242771783,4,20,312
121,239.45512816973044,0.0,0.0,0.0,2.948428237823342,1.2867722816470997,4,20,312
122,243.3637933194785,0.0,0.0,0.0,1.4573223254231331,3.0365442285853206,4,20,312
123,223.79801342661148,0.0,0.0,0.0,1.832093406940483,1.2625444198600286,4,20,312
124,335.7197717576395,0.0,0.0,0.0,1.969581079136222,1.235752486608336,4,20,312
125,266.49963113106566,0.0,0.0,0.0,1.8093336197752847,1.3042629403068418,4,20,312
126,205.51813349056144,0.0,2.0,1.0,1.5949518552051336,0.5528018315329521,4,21,312
127,235.559184134328,0.0,24.0,1.0,0.8765531180115382,0.331231992718155,4,21,312
128,268.17264221965235,0.0,8.0,1.0,1.5518795312046658,0.723493732895247,4,21,312
129,226.28375125422062,0.0,0.0,1.0,0.051019795038763735,0.3198682367443273,4,21,312
130,209.4540387051693,0.0,0.0,0.0,1.5159646842877272,0.633142806004013,4,21,312
131,206.13878904448958,0.0,0.0,0.0,0.8216502732385157,1.0093819621432358,4,21,312
132,191.37753817493208,0.0,0.0,0.0,3.518239259737602,0.4002092112153881,4,22,312
133,198.06274357075102,0.0,0.0,0.0,1.2092531853515665,0.39226174017709203,4,22,312
134,212.3541712515121,0.0,1.0,1.0,0.4612389586743251,0.5532685963316794,4,22,312
135,209.15846749930904,0.0,0.0,0.0,0.2508910182470942,0.8868862995877516,4,22,312
136,234.98134380273444,0.0,0.0,0.0,0.4432815352158557,0.331231992718155,4,22,312
137,229.44800714444546,0.0,0.0,0.0,1.0093819621432358,0.06897721849723312,4,22,312
138,243.27860880716872,0.0,0.0,0.0,1.5504951304898946,0.4432815352158558,4,23,312
139,243.34310939108875,0.0,0.0,0.0,0.0,0.331231992718155,4,23,312
140,225.23046992333457,0.0,0.0,0.0,0.0,0.4943013302546195,4,23,312
141,236.85844675658265,0.0,0.0,0.0,0.017957423458469388,0.36714683963509376,4,23,312
142,298.0301525327037,0.0,0.0,0.0,0.2508910182470942,0.2688484417055636,4,23,312
143,202.68600223842338,0.0,0.0,0.0,1.3506239072815642,0.0,4,23,312
144,170.17815032830205,0.0,0.0,0.0,0.9073423720657084,0.10203959007752747,5,0,313
145,318.0897028243544,0.0,0.0,0.0,0.0,0.4432815352158558,5,0,313
146,224.59074724426893,0.0,0.0,0.0,0.2508910182470942,0.0,5,0,313
147,174.7295401211474,0.0,0.0,0.0,0.9073423720657084,0.017957423458469388,5,0,313
148,175.2612641374239,0.0,0.0,0.0,0.39226174017709203,0.39226174017709203,5,0,313
149,186.4793321661336,0.0,0.0,0.0,0.0,0.0,5,0,313
150,164.10093185576616,0.0,0.0,0.0,0.0,0.035914846916938775,5,1,313
151,169.0034232052844,0.0,0.0,0.0,0.051019795038763735,0.4943013302546194,5,1,313
152,162.6147964050651,0.0,0.0,0.0,0.39226174017709203,0.0,5,1,313
153,179.5921925644737,0.0,0.0,0.0,0.39226174017709203,0.017957423458469388,5,1,313
154,147.98679025778952,0.0,0.0,0.0,0.0,0.017957423458469388,5,1,313
155,136.13968034541045,0.0,0.0,0.0,0.0,0.0,5,1,313
156,141.7547940328379,0.0,0.0,0.0,0.39226174017709203,0.2508910182470942,5,2,313
157,145.4728460479914,0.0,0.0,0.0,0.0,0.0,5,2,313
158,131.8007623698283,0.0,0.0,0.0,0.2508910182470942,0.051019795038763735,5,2,313
159,127.8289128200912,0.0,0.0,0.0,1.1582333903128026,0.0,5,2,313
160,136.1933390003505,0.0,0.0,0.0,0.051019795038763735,0.3198682367443273,5,2,313
161,120.65905140843971,0.0,0.0,0.0,0.06897721849723312,0.0,5,2,313
162,119.52744347515792,0.0,0.0,0.0,0.7845234803541841,0.0,5,3,313
163,130.45847294079164,0.0,0.0,0.0,0.0,0.0,5,3,313
164,120.89270774308115,0.0,0.0,0.0,0.0,0.0,5,3,313
165,115.94210895146713,0.0,0.0,0.0,0.10203959007752747,0.39226174017709203,5,3,313
166,123.23409027766432,0.0,0.0,0.0,0.0,0.0,5,3,313
167,124.02456707664724,0.0,4.0,1.0,0.051019795038763735,0.0,5,3,313
168,117.4221969702348,0.0,17.0,1.0,0.331231992718155,0.017957423458469388,5,4,313
169,123.41507771654514,0.0,38.0,1.0,0.0,0.0,5,4,313
170,124.87763751404036,0.0,35.0,1.0,0.0,0.051019795038763735,5,4,313
171,114.35669430535671,0.0,1.0,1.0,0.0,0.0,5,4,313
172,121.84354547771034,0.0,0.0,0.0,0.051019795038763735,0.0,5,4,313
173,116.92145106884772,0.0,0.0,0.0,0.0,0.0,5,4,313
174,111.57732273832899,0.0,0.0,0.0,0.4432815352158558,0.0,5,5,313
175,116.31907353971859,0.0,0.0,0.0,0.0,0.0,5,5,313
176,113.9653999217288,0.0,0.0,0.0,0.0,0.39226174017709203,5,5,313
177,111.25913751282108,0.0,0.0,0.0,0.39226174017709203,0.0,5,5,313
178,122.70182039354836,0.0,0.0,0.0,0.1530593851162912,0.0,5,5,313
179,122.07034041603646,0.0,0.0,0.0,0.017957423458469388,0.0,5,5,313
180,121.207055522206,0.0,0.0,0.0,0.331231992718155,0.051019795038763735,5,6,313
181,128.6748562125541,0.0,0.0,0.0,0.017957423458469388,0.0,5,6,313
182,110.43811095367649,0.0,0.0,0.0,0.017957423458469388,0.8535006988514171,5,6,313
183,141.94215281063904,0.0,0.0,0.0,2.1459167368495717,0.10203959007752747,5,6,313
184,140.62127654750316,0.0,0.0,0.0,1.2278050155700395,0.1530593851162912,5,6,313
185,149.31886133647225,0.0,0.0,0.0,0.4432815352158558,0.39226174017709203,5,6,313
186,166.02062244445136,0.0,0.0,0.0,0.331231992718155,1.0093819621432358,5,7,313
187,217.92124160940938,0.0,0.0,0.0,0.4943013302546195,0.4102191636355614,5,7,313
188,180.5629345211679,0.0,0.0,0.0,2.6429420557476324,0.6000804344237186,5,7,313
189,202.2979487900288,0.0,0.0,0.0,0.8865630704317115,1.094381764678338,5,7,313
190,222.44922044958864,0.0,0.0,0.0,2.8957679134153262,1.151670319989278,5,7,313
191,194.63670535756347,0.0,0.0,0.0,2.8586411205309954,1.6094623965669546,5,7,313
192,185.740762815619,0.0,0.0,0.0,1.949094409497148,1.4133323655066212,5,8,313
193,175.11360786048806,0.0,0.0,0.0,2.914192101672524,2.7804456216247817,5,8,313
194,280.8698268225056,0.0,0.0,0.0,2.496350374211132,0.6619018538938485,5,8,313
195,311.94702739354983,0.0,0.0,0.0,3.642314065470695,2.9023791899956204,5,8,313
196,224.30013312838184,0.0,0.0,0.0,5.620533233880877,2.535681506063602,5,8,313
197,219.8603940432963,0.0,0.0,0.0,5.999496378663544,2.6770522279936,5,8,313
198,201.51305574600272,0.0,0.0,0.0,3.2280610776922134,2.529411067735001,5,9,313
199,283.67784945965354,0.0,0.0,0.0,1.9779953149732452,5.069103265494137,5,9,313
200,239.78745049016757,0.0,0.0,0.0,5.560873671511726,5.538568111576698,5,9,313
201,254.4999956404179,0.0,0.0,0.0,5.675746770241379,4.9983867947710685,5,9,313
202,243.45909695983207,0.0,0.0,0.0,4.014121411226257,4.711244329557937,5,9,313
203,230.5981452729008,0.0,0.0,0.0,2.5952415008442404,4.9075020025795455,5,9,313
204,274.49685753972005,0.0,0.0,0.0,3.5021187861676477,4.6120705857101125,5,10,313
205,263.8552227175676,0.0,0.0,0.0,5.345432413439269,4.553103319633051,5,10,313
206,382.87299924972336,0.0,0.0,0.0,3.9240266129895023,6.601933604520488,5,10,313
207,397.2009771932856,0.0,0.0,0.0,5.2803382446762965,4.240463898676406,5,10,313
208,349.1861107247233,0.0,0.0,0.0,3.3278275502436165,4.106281250991056,5,10,313
209,323.5845135198962,0.0,0.0,0.0,3.5474625496378134,6.081757976930219,5,10,313
210,388.53221738743883,0.0,0.0,0.0,3.4719776684819825,3.9464022840691664,5,11,313
211,349.32842777980034,0.0,0.0,0.0,4.940594971320958,2.843604950967156,5,11,313
212,338.9756657307136,0.0,0.0,0.0,2.9402246381305663,3.9210448176351536,5,11,313
213,430.9312807114975,0.0,0.0,0.0,6.595837298995688,5.576559655500498,5,11,313
214,341.4896379084587,0.0,0.0,0.0,4.50094035718488,8.079840489114776,5,11,313
215,457.2996469160876,0.0,0.0,0.0,3.210090283340685,2.941436584097959,5,11,313
216,341.69153404582903,0.0,0.0,0.0,7.2084129639660075,7.218098009173716,5,12,313
217,357.1713924737327,0.0,0.0,0.0,10.4365560375089,4.757182499788105,5,12,313
218,392.90428586691365,0.0,0.0,0.0,1.979493986756236,3.6514369791359416,5,12,313
219,323.52162311171884,0.0,0.0,0.0,4.07301989874533,3.8541300805198,5,12,313
220,389.4680993510064,0.0,0.0,0.0,3.2705389949326764,4.215135801843993,5,12,313
221,294.3043268416922,0.0,0.0,0.0,3.9603759494876254,2.9393070022145213,5,12,313
222,303.48487917191164,0.0,0.0,0.0,1.8889151974526956,4.2067663787930725,5,13,313
223,326.3787499988591,0.0,0.0,0.0,1.9872135953822256,3.2289347455540818,5,13,313
224,298.60790693861884,0.0,0.0,0.0,1.66707585909036,4.032188417053444,5,13,313
225,289.7231046448731,0.0,0.0,0.0,1.6779728502654605,2.0867239392791483,5,13,313
226,273.70994296009127,0.0,0.0,0.0,1.017360030342649,1.8324166360965228,5,13,313
227,298.55436643048307,0.0,0.0,0.0,4.450020167092443,3.1792993512300893,5,13,313
228,297.0268562031445,0.0,0.0,0.0,3.0935095547402205,2.157054961330036,5,14,313
229,305.3931315431072,0.0,0.0,0.0,2.1277337818977395,0.876878025224004,5,14,313
230,308.83262697020376,0.0,0.0,0.0,3.200674737680516,2.1166261545783915,5,14,313
231,283.41040872484706,0.0,0.0,0.0,4.263431608239317,3.2389446979742558,5,14,313
232,274.8080379734743,0.0,0.0,0.0,3.233593573618124,4.973174196566394,5,14,313
233,358.44571642678847,0.0,1.0,1.0,1.6571935486314633,3.1236065125023003,5,14,313
234,290.79442338133066,0.0,0.0,0.0,1.0140407902072772,2.9005552281725717,5,15,313
235,326.3320685717775,0.0,0.0,0.0,1.6028993262434301,2.2167309052353192,5,15,313
236,304.69915250132635,0.0,0.0,0.0,3.104181014421957,2.814282093478433,5,15,313
237,292.56533682660563,0.0,0.0,0.0,4.297876702477955,4.603414436843592,5,15,313
238,352.07887518457136,0.0,0.0,0.0,1.7086801084689545,5.060236480483373,5,15,313
239,365.3860272774354,0.0,0.0,0.0,3.63241838411874,1.8603840119751656,5,15,313
240,340.56139335384466,0.0,0.0,0.0,5.035415889992724,1.8437803920703504,5,16,313
241,363.49827566057456,0.0,0.0,0.0,1.5065357677344993,3.705278652350232,5,16,313
242,295.301786391954,0.0,0.0,0.0,2.9860217955064017,3.897669169318993,5,16,313
243,287.34637585879506,0.0,0.0,0.0,2.9467877084540905,4.212620771288373,5,16,313
244,384.5708453520009,0.0,0.0,0.0,3.556621966643502,3.875601486576477,5,16,313
245,305.593055359697,0.0,0.0,0.0,2.8196332178345638,3.676422559660237,5,16,313
246,363.9292454189698,0.0,0.0,0.0,5.240668834718302,2.926008406820094,5,17,313
247,288.14922263822217,0.0,0.0,0.0,5.346914703686129,5.90417894276386,5,17,313
248,255.87838950467847,0.0,0.0,0.0,4.426529864880472,4.559538747995299,5,17,313
249,381.8080480794116,0.0,0.0,0.0,4.163694054792605,3.455305270019182,5,17,313
250,259.62055366943304,0.0,0.0,0.0,5.0517251998461905,3.8820974563984416,5,17,313
251,270.605811767644,0.0,0.0,0.0,1.7855759162576077,4.502408431806754,5,17,313
252,265.28373315298364,1.0,0.0,0.0,4.382539904963959,4.0803440812767455,5,18,313
253,263.4121725432617,0.0,0.0,0.0,2.4535475497582024,2.312176827828204,5,18,313
254,231.1883672864563,0.0,0.0,0.0,5.205348394561367,2.513982890457134,5,18,313
255,239.1733633334964,0.0,0.0,0.0,3.8606094769362223,2.3187704953128456,5,18,313
256,270.0605592899791,0.0,0.0,0.0,2.2104604669067167,2.611845120749055,5,18,313
257,240.1642764213351,1.0,0.0,0.0,4.309098600865521,2.5641139686845458,5,18,313
258,278.43618242687154,0.0,0.0,0.0,3.6363014338529993,2.845960064343956,5,19,313
259,334.33486235741617,0.0,0.0,0.0,2.637396188928664,1.9846843492016213,5,19,313
260,296.82244902083323,0.0,0.0,0.0,1.7328756950384832,1.8702490961660037,5,19,313
261,273.12896347110285,1.0,0.0,0.0,1.6651410196697598,1.9495594962394496,5,19,313
262,240.31396839972686,0.0,0.0,0.0,1.4515186518932588,2.768613422795801,5,19,313
263,262.509701728968,2.0,0.0,0.0,0.8221170380372429,1.537663299894194,5,19,313
264,267.064313945085,0.0,0.0,0.0,2.0641076877566378,1.3566365388992598,5,20,313
265,215.5045882833989,0.0,0.0,0.0,4.407073769639012,2.6137493630085387,5,20,313
266,210.17748735664642,0.0,0.0,0.0,2.2998937578819074,0.9483828118454158,5,20,313
267,197.14593498646252,0.0,0.0,0.0,2.7091952856014245,1.5961638011725263,5,20,313
268,236.67414498786653,0.0,0.0,0.0,1.4242599538428389,1.478696033817134,5,20,313
269,244.6565612144073,1.0,0.0,0.0,0.035914846916938775,2.6468117345888333,5,20,313
270,234.31901446182454,2.0,0.0,0.0,2.1710622345526858,0.10203959007752747,5,21,313
271,193.0844948368515,1.0,0.0,0.0,0.8041596145787735,2.2129591159262048,5,21,313
272,197.8018365785732,0.0,0.0,0.0,0.051019795038763735,0.3198682367443273,5,21,313
273,387.07165873217997,3.0,0.0,0.0,1.6194723489871277,1.3666464913194334,5,21,313
274,294.93150120735413,3.0,0.0,0.0,3.1599575270568487,0.1710168085747606,5,21,313
275,232.8389903696716,3.0,0.0,0.0,1.6132035887149514,0.9432572189826472,5,21,313
276,221.63679301436423,0.0,0.0,0.0,0.9450635717100442,0.588716678449891,5,22,313
277,233.99556419536117,1.0,0.0,0.0,0.051019795038763735,1.0764243412198686,5,22,313
278,247.37185192456985,1.0,0.0,0.0,0.2508910182470942,1.5488851982817595,5,22,313
279,248.7734064509036,3.0,0.0,0.0,1.2092531853515662,0.9743847511423414,5,22,313
280,226.00511974180958,3.0,0.0,0.0,1.2252757693894354,0.4432815352158558,5,22,313
281,256.48794493741,1.0,0.0,0.0,1.9327469182468136,0.0,5,22,313
282,244.6721443488874,2.0,0.0,0.0,1.7668557025348215,0.7300874003798887,5,23,313
283,210.78337782686557,1.0,0.0,0.0,0.331231992718155,1.2996041122428004,5,23,313
284,240.81612171894474,1.0,0.0,0.0,1.0433619696395744,1.2996041122428004,5,23,313
285,224.12143033735768,3.0,0.0,0.0,2.7087285208026968,1.8326421675898859,5,23,313
286,232.00544163042701,3.0,0.0,0.0,1.2092531853515662,0.723493732895247,5,23,313
287,333.8823649902438,0.0,0.0,0.0,0.2508910182470942,0.9583621671044721,5,23,313
288,311.82241450838404,1.0,0.0,0.0,0.331231992718155,0.39226174017709203,6,0,314
289,216.26073337149555,0.0,0.0,0.0,0.0,0.4612389586743252,6,0,314
290,277.55563409754063,0.0,0.0,0.0,0.051019795038763735,0.051019795038763735,6,0,314
291,239.0889480745529,0.0,0.0,0.0,2.065575762378511,0.8024809038126535,6,0,314
292,208.15487752943142,2.0,0.0,0.0,0.9743847511423414,0.0,6,0,314
293,213.05914390484267,0.0,0.0,0.0,0.4432815352158558,0.0,6,0,314
294,213.5133078318697,1.0,0.0,0.0,0.051019795038763735,0.035914846916938775,6,1,314
295,188.45547351284668,1.0,0.0,0.0,0.051019795038763735,0.6431527584241862,6,1,314
296,209.9012734847192,2.0,0.0,0.0,0.0,0.39226174017709203,6,1,314
297,179.4705355526267,2.0,0.0,0.0,0.0,1.8657045391701803,6,1,314
298,184.81993894050117,0.0,0.0,0.0,0.0,0.051019795038763735,6,1,314
299,229.06162038622654,0.0,0.0,0.0,0.0,0.2508910182470942,6,1,314
300,220.00371031264405,0.0,0.0,0.0,0.017957423458469388,0.0,6,2,314
301,147.71500796368082,0.0,0.0,0.0,0.051019795038763735,0.0,6,2,314
302,245.3965845552026,1.0,0.0,0.0,0.0,0.0,6,2,314
303,185.33516907529565,0.0,0.0,0.0,0.6431527584241862,0.9073423720657084,6,2,314
304,147.078579717215,0.0,0.0,0.0,0.39226174017709203,0.0,6,2,314
305,158.1699145413109,0.0,0.0,0.0,0.0,0.0,6,2,314
306,149.38583603902256,0.0,0.0,0.0,0.2508910182470942,0.0,6,3,314
307,136.90555006976058,0.0,0.0,0.0,0.051019795038763735,1.1582333903128026,6,3,314
308,127.41470764894163,0.0,0.0,0.0,0.0,0.0,6,3,314
309,148.62712680239903,0.0,0.0,0.0,0.0,0.0,6,3,314
310,129.6578960532907,1.0,0.0,0.0,0.0,0.0,6,3,314
311,127.73195557323193,0.0,0.0,0.0,0.0,0.0,6,3,314
312,129.22047131383647,0.0,0.0,0.0,0.39226174017709203,0.0,6,4,314
313,124.3636535204496,2.0,0.0,0.0,0.0,0.017957423458469388,6,4,314
314,121.23454001365677,0.0,0.0,0.0,0.0,0.331231992718155,6,4,314
315,125.20153981228279,1.0,0.0,0.0,0.0,0.2508910182470942,6,4,314
316,116.88921381207504,0.0,0.0,0.0,0.0,0.0,6,4,314
317,125.0293335373255,0.0,0.0,0.0,0.0,0.0,6,4,314
318,139.2031106361503,0.0,0.0,0.0,0.0,0.0,6,5,314
319,107.55202026387792,0.0,0.0,0.0,0.0,0.0,6,5,314
320,110.98904153657715,0.0,0.0,0.0,0.0,0.0,6,5,314
321,111.63963041440256,0.0,0.0,0.0,0.0,0.0,6,5,314
322,111.17307020332329,0.0,0.0,0.0,0.0,0.0,6,5,314
323,103.52365051113144,0.0,0.0,0.0,0.017957423458469388,0.0,6,5,314
324,123.68380973267878,0.0,0.0,0.0,0.0,0.0,6,6,314
325,122.06827944770323,0.0,0.0,0.0,0.0,0.2508910182470942,6,6,314
326,116.48065397843382,0.0,0.0,0.0,0.017957423458469388,0.2508910182470942,6,6,314
327,128.51778000361514,0.0,0.0,0.0,0.39226174017709203,0.0,6,6,314
328,128.78397829668268,0.0,0.0,0.0,0.0,0.0,6,6,314
329,141.09797093318468,0.0,0.0,0.0,0.9073423720657084,1.2385743647838634,6,6,314
330,132.79320502909695,0.0,0.0,0.0,0.0,0.0,6,7,314
331,149.95558571301422,1.0,0.0,0.0,0.0,0.5453211252933832,6,7,314
332,124.53609825961504,0.0,9.0,1.0,1.2385743647838634,0.331231992718155,6,7,314
333,142.02463810874232,0.0,0.0,0.0,0.331231992718155,0.7234937328952471,6,7,314
334,223.3717965884951,0.0,0.0,0.0,0.10203959007752747,0.3822517877569188,6,7,314
335,145.52106273140134,0.0,0.0,0.0,0.4612389586743252,0.35293060832462164,6,7,314
336,183.64156009233082,0.0,0.0,0.0,0.30191081328585795,1.652534720567422,6,8,314
337,144.64989497559782,0.0,4.0,1.0,0.8535006988514171,0.3491894161766244,6,8,314
338,173.3562885291038,1.0,91.0,1.0,0.2069316554916993,1.178463931297396,6,8,314
339,155.80785879775343,0.0,29.0,1.0,2.2791144562479104,2.5268147210528364,6,8,314
340,164.85987728053487,0.0,0.0,0.0,2.14910749029174,1.591504973108485,6,8,314
341,144.02462016798628,0.0,0.0,0.0,1.6978784840375885,0.15591186045293565,6,8,314
342,259.1218595050914,0.0,0.0,0.0,1.98002552113758,1.1374540886788056,6,9,314
343,238.2245585151989,0.0,0.0,0.0,1.6194723489871277,1.8982164720446462,6,9,314
344,195.27805771219903,0.0,0.0,0.0,1.2637198624869783,2.6549174447495227,6,9,314
345,184.64636853346062,3.0,0.0,0.0,2.8240667062746527,2.3118385497226805,6,9,314
346,181.44867151661202,1.0,0.0,0.0,4.248001752905025,1.7792689745885628,6,9,314
347,223.47937019245404,1.0,0.0,0.0,1.5451440061337631,1.1813164066340405,6,9,314
348,217.11605835629658,0.0,0.0,0.0,0.4691864297126213,1.018247069097576,6,10,314
349,184.8731913610632,0.0,0.0,0.0,2.759522784348098,2.662720047558484,6,10,314
350,321.97119225139363,0.0,0.0,0.0,3.7199474328344473,2.8262268853192065,6,10,314
351,259.2873773621506,0.0,0.0,0.0,0.7200774479597155,3.2549672820121254,6,10,314
352,204.79885625880425,0.0,0.0,0.0,2.317852859396802,3.1848468961054843,6,10,314
353,185.6497592959788,0.0,0.0,0.0,2.576366441469727,1.1403065640154502,6,10,314
354,176.8539955589644,0.0,0.0,0.0,1.8763759988519182,1.541278565495155,6,11,314
355,196.1961083744323,0.0,0.0,0.0,2.6754406177290395,1.5961638011725263,6,11,314
356,188.40639775858082,0.0,0.0,0.0,6.637555819442503,3.0585429409004425,6,11,314
357,178.24272360318153,2.0,0.0,0.0,3.8079109711313377,3.407910718003772,6,11,314
358,200.7829619488624,4.0,0.0,0.0,0.8221170380372428,2.0582897986017787,6,11,314
359,200.99713675666462,0.0,0.0,0.0,1.8628826609946527,5.964455199608473,6,11,314
360,241.88894776612167,2.0,0.0,0.0,1.4851620593404988,1.2649318084543717,6,12,314
361,220.27469847210727,3.0,0.0,0.0,3.2833708255283773,2.945319633832218,6,12,314
362,179.44590948294947,1.0,0.0,0.0,2.249793276815613,0.37088803178309104,6,12,314
363,189.29718163072846,0.0,0.0,0.0,2.4216971241453007,0.9162091570764744,6,12,314
364,201.5731103489833,5.0,0.0,0.0,2.6836136202606986,1.086434293640042,6,12,314
365,220.0817213477631,1.0,0.0,0.0,0.4181666346738575,2.337614957526243,6,12,314
366,205.01844238879772,0.0,0.0,0.0,1.039945684704043,2.669427986111344,6,13,314
367,171.4005654867629,1.0,0.0,0.0,2.3675171728254853,0.1710168085747606,6,13,314
368,219.25070180271285,0.0,0.0,0.0,1.5621837936761882,0.5197394599526578,6,13,314
369,198.06920453452727,0.0,0.0,0.0,1.6704921440258913,1.8509378691538796,6,13,314
370,239.6300725987074,0.0,0.0,0.0,1.3481252582620769,0.8859992608328243,6,13,314
371,215.50708054949212,0.0,0.0,0.0,1.9786717175839252,4.019935944268264,6,13,314
372,186.5747600540666,1.0,0.0,0.0,0.4002092112153882,2.155701157776382,6,14,314
373,171.64565137937146,1.0,0.0,0.0,4.582380531011173,0.4612389586743252,6,14,314
374,252.8682326704816,1.0,0.0,0.0,1.0613193930980438,1.1274441362586325,6,14,314
375,272.8843865495359,1.0,0.0,0.0,1.0650605852460409,2.457837502555603,6,14,314
376,219.4580970232172,1.0,0.0,0.0,3.090980308559616,1.913644649322511,6,14,314
377,206.61787311207505,0.0,0.0,0.0,1.0713293455182171,1.178463931297396,6,14,314
378,192.04091977785228,0.0,0.0,0.0,3.3469969196694778,3.142917739514424,6,15,314
379,252.68595264050185,0.0,0.0,0.0,3.0399605135208523,2.677939266748527,6,15,314
380,252.90061901219917,1.0,0.0,0.0,2.2487321052568814,1.7748031735731171,6,15,314
381,255.43840351196042,0.0,0.0,0.0,2.6855924277354744,1.0433619696395744,6,15,314
382,252.51288716829757,0.0,0.0,0.0,4.515382119988716,1.5036832923978551,6,15,314
383,210.99497090766238,1.0,0.0,0.0,0.7451923485017137,1.0102995980592802,6,15,314
384,198.04760932628625,1.0,0.0,0.0,1.537663299894194,1.4535811332751358,6,16,314
385,201.59919110170696,0.0,0.0,0.0,2.683499349192481,1.6274198200254235,6,16,314
386,235.32286172763585,1.0,0.0,0.0,3.5570199528842443,2.54419110864436,6,16,314
387,238.70710034579585,1.0,0.0,0.0,2.0787764682408527,1.663772549994213,6,16,314
388,215.903198195554,1.0,0.0,0.0,1.1151916634734518,6.029962403561673,6,16,314
389,320.494891833817,0.0,0.0,0.0,2.1179799581320458,2.6060125281144897,6,16,314
390,222.7257272040916,0.0,0.0,0.0,3.0148472910352795,2.8772466803579713,6,17,314
391,224.23998793788482,0.0,0.0,0.0,2.8665885915692906,2.3316023259085465,6,17,314
392,245.7116433478376,0.0,0.0,0.0,1.0843718122581647,3.704953745137767,6,17,314
393,237.13141599178363,0.0,0.0,0.0,3.027128682925152,2.025694191820212,6,17,314
394,312.97951194991674,0.0,0.0,0.0,4.505230309982283,3.5345867509879376,6,17,314
395,246.02575538424784,0.0,0.0,0.0,3.2959771246307152,4.700779305175668,6,17,314
396,263.901439527389,0.0,0.0,0.0,2.046180861459286,3.4826916100308787,6,18,314
397,280.49903862310083,0.0,0.0,0.0,3.471764021694661,2.2095428309906735,6,18,314
398,250.81773111940518,0.0,0.0,0.0,2.8272574597168214,1.7195770996440551,6,18,314
399,231.3661308109501,0.0,0.0,0.0,4.056739507996555,2.837590641293034,6,18,314
400,248.44526942488616,1.0,0.0,0.0,1.955363169769324,2.5763664414697267,6,18,314
401,221.95551893981136,1.0,0.0,0.0,1.8726364847603458,1.574931950364787,6,18,314
402,217.05870097955142,0.0,0.0,0.0,2.7213348199050347,1.3255090067395658,6,19,314
403,211.12477064138284,1.0,0.0,0.0,1.2782304038487993,1.6274198200254235,6,19,314
404,210.2841245173452,1.0,0.0,0.0,2.438736911687726,4.4536294790765725,6,19,314
405,198.399563245732,2.0,0.0,0.0,1.6180042743652547,1.931136986038679,6,19,314
406,229.78521068532055,0.0,0.0,0.0,1.9374057463108547,0.6548414216104796,6,19,314
407,229.7184626996336,1.0,0.0,0.0,1.547673252314367,0.959604710232982,6,19,314
408,233.27300984192246,0.0,0.0,0.0,1.6746984229161903,1.0433619696395744,6,20,314
409,213.3089057024813,0.0,0.0,0.0,1.2092531853515662,0.8255333229727746,6,20,314
410,193.50608027924926,0.0,0.0,0.0,1.711501986644482,1.1043917170985114,6,20,314
411,241.8111641513185,2.0,0.0,0.0,2.988053679727161,0.6322557672490857,6,20,314
412,208.82736010832107,2.0,0.0,0.0,2.1075032409131462,1.2026901150280416,6,20,314
413,197.3024789514564,1.0,0.0,0.0,1.162892218376844,1.6710865507858956,6,20,314
414,242.54094730335686,1.0,0.0,0.0,0.4432815352158557,0.051019795038763735,6,21,314
415,245.9361217493781,2.0,0.0,0.0,0.3822517877569188,1.4091244085598968,6,21,314
416,239.76653888922473,0.0,0.0,0.0,2.102085016055454,0.8714581223098866,6,21,314
417,272.69240935437256,0.0,0.0,0.0,1.2895941598226273,2.376028453462669,6,21,314
418,241.67797925129227,1.0,0.0,0.0,0.9583621671044722,0.1530593851162912,6,21,314
419,254.9153168508424,0.0,0.0,0.0,2.722495596410093,0.3822517877569188,6,21,314
420,235.19969347731384,0.0,0.0,0.0,3.0088329813611585,0.0,6,22,314
421,198.93645948129844,0.0,0.0,0.0,0.9743847511423412,0.13795443699446625,6,22,314
422,239.31779649137383,0.0,0.0,0.0,2.1855727759145083,1.0093819621432356,6,22,314
423,199.6421789012533,0.0,0.0,0.0,0.2688484417055636,0.9120012001297501,6,22,314
424,175.68450851425322,0.0,0.0,0.0,0.9073423720657084,0.017957423458469388,6,22,314
425,180.61096790857403,2.0,0.0,0.0,0.2508910182470942,0.0,6,22,314
426,187.59515642233555,1.0,0.0,0.0,1.2252757693894354,0.06897721849723312,6,23,314
427,165.91306434079164,1.0,0.0,0.0,0.0,0.0,6,23,314
428,186.366180038661,1.0,0.0,0.0,0.4432815352158557,0.0,6,23,314
429,209.97519596951847,2.0,0.0,0.0,0.0,0.3491894161766244,6,23,314
430,157.36516379233018,2.0,0.0,0.0,0.8355432753929478,0.39226174017709203,6,23,314
431,176.46025163684703,2.0,0.0,0.0,0.0,0.051019795038763735,6,23,314
432,149.81418714930302,4.0,0.0,0.0,0.39226174017709203,0.051019795038763735,0,0,315
433,133.40787044534756,8.0,0.0,0.0,0.10203959007752747,0.39226174017709203,0,0,315
434,143.81173467151623,4.0,0.0,0.0,0.0,0.0,0,0,315
435,168.92569560693917,0.0,0.0,0.0,0.0,0.0,0,0,315
436,138.02786367123107,3.0,0.0,0.0,0.331231992718155,0.0,0,0,315
437,148.0367763340837,2.0,0.0,0.0,0.1530593851162912,0.0,0,0,315
438,168.11510240706238,1.0,0.0,0.0,0.0,0.017957423458469388,0,1,315
439,132.7294046911191,0.0,0.0,0.0,0.051019795038763735,0.051019795038763735,0,1,315
440,138.31064013224452,0.0,0.0,0.0,0.0,0.0,0,1,315
441,136.61558669062592,0.0,0.0,0.0,0.0,0.0,0,1,315
442,119.47891188513384,0.0,0.0,0.0,0.0,0.0,0,1,315
443,126.08362721239126,0.0,0.0,0.0,0.051019795038763735,0.0,0,1,315
444,118.59554590354824,0.0,0.0,0.0,0.0,0.0,0,2,315
445,113.25301696898892,0.0,0.0,0.0,0.0,0.0,0,2,315
446,119.399095409555,0.0,0.0,0.0,0.0,0.0,0,2,315
447,124.53231614121596,0.0,0.0,0.0,0.0,0.0,0,2,315
448,118.01951949409307,0.0,0.0,0.0,0.051019795038763735,0.0,0,2,315
449,121.37741058616402,0.0,0.0,0.0,0.051019795038763735,0.0,0,2,315
450,118.10255572997231,0.0,0.0,0.0,0.0,0.0,0,3,315
451,116.60584195718474,0.0,0.0,0.0,0.39226174017709203,0.0,0,3,315
452,118.23761482153375,1.0,0.0,0.0,0.0,0.0,0,3,315
453,115.63999001341793,0.0,0.0,0.0,0.0,0.0,0,3,315
454,116.74446514020676,0.0,0.0,0.0,0.0,0.0,0,3,315
455,120.88621652731385,0.0,0.0,0.0,0.0,0.0,0,3,315
456,115.32549088827491,0.0,0.0,0.0,0.0,0.0,0,4,315
457,119.66753338880774,0.0,0.0,0.0,0.0,0.0,0,4,315
458,130.7887892870416,0.0,0.0,0.0,0.39226174017709203,0.0,0,4,315
459,125.68424856838642,0.0,0.0,0.0,0.0,0.0,0,4,315
460,129.78701883775915,0.0,0.0,0.0,0.0,0.0,0,4,315
461,130.20422768066186,0.0,0.0,0.0,0.0,0.0,0,4,315
462,122.92367946955963,0.0,0.0,0.0,0.39226174017709203,0.39226174017709203,0,5,315
463,128.33540042599145,0.0,0.0,0.0,0.0,0.0,0,5,315
464,126.41653561903496,0.0,0.0,0.0,0.0,0.0,0,5,315
465,134.18397584820698,0.0,0.0,0.0,0.4612389586743252,0.051019795038763735,0,5,315
466,131.24594430579359,0.0,0.0,0.0,0.0,0.017957423458469388,0,5,315
467,138.22285582227715,0.0,0.0,0.0,0.0,0.051019795038763735,0,5,315
468,152.02764759571488,0.0,0.0,0.0,1.814684744131417,0.0,0,6,315
469,133.7178506327713,0.0,0.0,0.0,0.39226174017709203,0.331231992718155,0,6,315
470,166.32259805406466,0.0,0.0,0.0,0.6000804344237186,0.2508910182470942,0,6,315
471,199.77071084070937,0.0,0.0,0.0,1.2055425903646861,0.06897721849723312,0,6,315
472,213.8147933896773,0.0,0.0,0.0,3.6372190697690425,0.996083366748808,0,6,315
473,230.5394988374168,0.0,0.0,0.0,3.0371386353453254,2.5365685448185293,0,6,315
474,268.72884117178273,0.0,0.0,0.0,4.603205478755772,2.6523576014078016,0,7,315
475,294.26709073495437,0.0,0.0,0.0,3.4567733446410553,3.14200010359838,0,7,315
476,305.2946461990641,0.0,0.0,0.0,5.060995877277022,3.51709441427177,0,7,315
477,358.33558785979596,0.0,0.0,0.0,5.15511859347737,4.952396610346637,0,7,315
478,400.26204119263605,0.0,0.0,0.0,5.656239122709994,2.903601113385404,0,7,315
479,420.0377805220916,0.0,0.0,0.0,5.799884677580358,8.320396647729233,0,7,315
480,409.7919016708146,0.0,0.0,0.0,4.920544469319495,7.5788618174684155,0,8,315
481,436.2820134737339,0.0,0.0,0.0,6.421211178436803,6.569594126393398,0,8,315
482,430.7277666618474,0.0,0.0,0.0,6.528894524865383,7.653046624679095,0,8,315
483,421.5615609671611,0.0,0.0,0.0,2.7298766977033355,6.600721658553092,0,8,315
484,516.1004855701832,0.0,0.0,0.0,3.1699674794770227,7.1551334222941785,0,8,315
485,516.4666390001609,0.0,0.0,0.0,6.164628197581885,6.693218061009175,0,8,315
486,489.50893088309687,0.0,0.0,0.0,3.5025838729099488,8.509240715012838,0,9,315
487,696.8521796978142,0.0,0.0,0.0,4.641972801009355,5.327872976221543,0,9,315
488,759.3360625615397,0.0,0.0,0.0,8.750253661003626,9.125406797722494,0,9,315
489,596.6018446523931,0.0,0.0,0.0,6.164837155669705,6.698102420566579,0,9,315
490,569.099657989385,0.0,0.0,0.0,8.129984938235246,5.921684650373084,0,9,315
491,652.330499330886,0.0,0.0,0.0,5.10215058812495,3.014086216185204,0,9,315
492,550.2043856735946,0.0,0.0,0.0,4.1123510305978,4.319126162381346,0,10,315
493,578.6071409959577,0.0,0.0,0.0,3.7751735067635095,8.013759714008364,0,10,315
494,624.6338038572776,0.0,0.0,0.0,4.817776079609433,2.858966027743461,0,10,315
495,599.9240294075887,0.0,0.0,0.0,3.4182455776364113,4.156040893805657,0,10,315
496,627.2775069190118,0.0,0.0,0.0,4.4034013560490015,10.356567556768344,0,10,315
497,634.1454379535834,0.0,0.0,0.0,3.837557057776101,3.4408312319978043,0,10,315
498,844.4814490559962,0.0,0.0,0.0,6.477015728086642,9.006750216847092,0,11,315
499,823.0306317318652,0.0,0.0,0.0,7.058513735130767,11.698310463414163,0,11,315
500,810.6077412442073,0.0,0.0,0.0,9.834540763664576,6.0284809580467416,0,11,315
501,696.2425833324753,0.0,0.0,0.0,6.291330139027668,4.5564242378248485,0,11,315
502,801.8045172989854,0.0,0.0,0.0,6.031204946690181,10.134788759865726,0,11,315
503,699.9245254875533,0.0,0.0,0.0,5.37094530022201,3.6060915376093488,0,11,315
504,668.441014661393,0.0,0.0,0.0,4.718725035797505,4.370595113123186,0,12,315
505,693.1214456113879,0.0,0.0,0.0,5.472008390980204,2.6745229818129954,0,12,315
506,618.0401921611118,0.0,0.0,0.0,4.849663008562778,3.3257508532367552,0,12,315
507,703.2029073943338,0.0,0.0,0.0,5.794401673060354,5.786003330904743,0,12,315
508,794.2002441488303,0.0,0.0,0.0,3.627210795405296,10.251931620008655,0,12,315
509,731.5013684238771,0.0,0.0,0.0,5.909403258483216,10.348042060506176,0,12,315
510,811.2762216148303,0.0,0.0,0.0,5.068183951521668,18.62076809763062,0,13,315
511,712.9895430677739,0.0,0.0,0.0,6.824534899822639,7.622837561759943,0,13,315
512,776.5929342806551,0.0,0.0,0.0,4.234447028856119,6.517558805906504,0,13,315
513,705.2781360217207,0.0,0.0,0.0,5.491265542914047,5.118318423219747,0,13,315
514,822.7772624828859,0.0,0.0,0.0,7.19930598133999,10.951650040290575,0,13,315
515,716.4046531228972,0.0,0.0,0.0,3.841584975739696,4.1192373300773655,0,13,315
516,646.2969210493031,0.0,0.0,0.0,6.0610765648283085,4.42161490816195,0,14,315
517,651.8170715199843,0.0,0.0,0.0,4.971820393012738,5.408508260743952,0,14,315
518,556.7743491504882,0.0,0.0,0.0,11.038457040285001,6.773800948509733,0,14,315
519,600.1450644102054,0.0,0.0,0.0,11.375944422382274,2.90056859906563,0,14,315
520,617.0639023774181,0.0,0.0,0.0,2.165711110196556,5.736985475788139,0,14,315
521,621.303072791963,0.0,0.0,0.0,9.276229568653099,7.395127449366175,0,14,315
522,801.0843934562123,0.0,0.0,0.0,8.17646017627819,9.173008629769301,0,15,315
523,921.1199715696837,0.0,0.0,0.0,6.987181403256737,7.57451200293543,0,15,315
524,664.0734866394113,0.0,0.0,0.0,3.9080023508952073,5.158393020826639,0,15,315
525,647.3342922709405,0.0,0.0,0.0,8.421449631463323,5.599304393716212,0,15,315
526,623.3447924830292,0.0,0.0,0.0,8.15748722737159,9.791175807669195,0,15,315
527,626.2526186823494,0.0,0.0,0.0,7.709870093247732,8.118026775501416,0,15,315
528,561.0290819361244,0.0,0.0,0.0,7.2380707434474045,7.446305483527329,0,16,315
529,584.1810059515924,0.0,0.0,0.0,6.558439328507393,10.95223107615752,0,16,315
530,656.9428339528354,0.0,0.0,0.0,4.261399724018556,11.46550535531874,0,16,315
531,622.1139114842995,0.0,0.0,0.0,12.598497036452766,10.615323051870767,0,16,315
532,728.8413758116403,0.0,0.0,0.0,8.873681625597047,12.921231119426794,0,16,315
533,662.022897696177,0.0,0.0,0.0,9.418225294504223,10.714045924601276,0,16,315
534,707.0095276770204,0.0,0.0,0.0,8.544254307549863,7.952406737393388,0,17,315
535,529.9914598465425,0.0,0.0,0.0,3.767226035725213,12.375896623240351,0,17,315
536,463.2218884225736,0.0,0.0,0.0,5.5391750559052575,5.308561749209419,0,17,315
537,684.5345067000493,0.0,0.0,0.0,9.680480068725144,8.426676507328844,0,17,315
538,510.4667507449048,0.0,0.0,0.0,2.4713631156304103,8.005187239048947,0,17,315
539,509.2638056108607,0.0,0.0,0.0,9.858497447847686,3.9590221459339716,0,17,315
540,602.7785631076498,0.0,0.0,0.0,5.660047415359551,12.993286344754036,0,18,315
541,529.275868125784,0.0,0.0,0.0,8.481817871660695,7.976656053571419,0,18,315
542,498.5984454129029,0.0,0.0,0.0,5.799483297868949,7.11748100120783,0,18,315
543,547.3913476209124,0.0,0.0,0.0,5.107117097133396,9.582762706662557,0,18,315
544,514.5080861747786,0.0,0.0,0.0,5.269990014150599,6.054545769722324,0,18,315
545,441.9765673019757,0.0,0.0,0.0,4.652869792184455,4.184798263639067,0,18,315
546,377.80728725381033,0.0,0.0,0.0,5.5543959531517295,1.6931083955484023,0,19,315
547,362.3038352426997,0.0,0.0,0.0,4.12059113363102,5.3962251907976535,0,19,315
548,312.9936914291994,0.0,0.0,0.0,2.581025269533768,4.9447706530501385,0,19,315
549,386.28889776712197,0.0,0.0,0.0,2.5823790730874228,6.246437246674818,0,19,315
550,332.4539172439012,0.0,0.0,0.0,2.721220548836816,2.293881126264212,0,19,315
551,331.6793227412365,0.0,0.0,0.0,1.7082133436702274,1.2502936251312735,0,19,315
552,303.8506384011298,0.0,0.0,0.0,2.504890573953006,1.3632302063839017,0,20,315
553,296.86824118246517,0.0,0.0,0.0,1.6821808072121849,4.642717982178019,0,20,315
554,264.76667090979635,0.0,0.0,0.0,2.819633217834565,0.6038216265717159,0,20,315
555,266.27052483722383,0.0,0.0,0.0,2.4053496328949655,0.8940437766712803,0,20,315
556,286.03889437946896,0.0,0.0,0.0,1.9945666596605176,1.9781079079850383,0,20,315
557,274.7760424525485,0.0,0.0,0.0,2.3350186108440787,3.278019701172245,0,20,315
558,297.9602809963468,0.0,0.0,0.0,2.1736279840737343,1.8566122226660515,0,21,315
559,290.81760118606104,0.0,0.0,0.0,3.704359338377763,2.429319687971132,0,21,315
560,362.94570883293983,0.0,0.0,0.0,0.5017820364941884,0.8255333229727746,0,21,315
561,274.6087542952738,0.0,0.0,0.0,0.4432815352158557,0.4512290062541519,0,21,315
562,224.82456663933056,0.0,0.0,0.0,1.3075515832810969,1.1157554730723391,0,21,315
563,209.74565837615262,0.0,0.0,0.0,0.30191081328585795,1.054725725613402,0,21,315
564,339.91462070724737,0.0,0.0,0.0,0.39226174017709203,1.1157554730723391,0,22,315
565,231.73569390607346,0.0,0.0,0.0,0.5017820364941884,0.9583621671044722,0,22,315
566,204.01774624019671,0.0,0.0,0.0,0.9763195905629416,0.3822517877569188,0,22,315
567,263.6956376708674,0.0,0.0,0.0,0.37088803178309104,0.679067605341125,0,22,315
568,228.303412746486,0.0,0.0,0.0,0.0,0.2508910182470942,0,22,315
569,267.06875583643705,0.0,0.0,0.0,0.9763195905629414,0.051019795038763735,0,22,315
570,271.8228179359068,0.0,0.0,0.0,0.39226174017709203,0.5707592549914215,0,23,315
571,228.9358095889721,0.0,0.0,0.0,0.39226174017709203,0.051019795038763735,0,23,315
572,251.07721005389985,0.0,0.0,0.0,0.051019795038763735,1.9520581452589372,0,23,315
573,242.14549301145686,0.0,0.0,0.0,0.0,0.017957423458469388,0,23,315
574,202.58288195172543,0.0,0.0,0.0,0.9073423720657084,0.017957423458469388,0,23,315
575,187.9196530392847,0.0,0.0,0.0,0.051019795038763735,0.0,0,23,315
576,149.0706857173835,0.0,0.0,0.0,0.331231992718155,0.051019795038763735,1,0,316
577,179.70270851711473,0.0,0.0,0.0,0.0,0.0,1,0,316
578,154.21963799109062,0.0,0.0,0.0,0.0,0.051019795038763735,1,0,316
579,144.55551583924807,0.0,0.0,0.0,0.0,0.06897721849723312,1,0,316
580,142.06032021675185,0.0,0.0,0.0,0.0,0.0,1,0,316
581,135.2408308485031,0.0,0.0,0.0,0.051019795038763735,0.051019795038763735,1,0,316
582,125.46461003241741,0.0,0.0,0.0,0.0,0.08693464195570251,1,1,316
583,134.52122847478776,0.0,0.0,0.0,0.051019795038763735,0.0,1,1,316
584,127.25632334349964,0.0,0.0,0.0,0.0,0.0,1,1,316
585,127.97932853435827,0.0,0.0,0.0,0.0,0.035914846916938775,1,1,316
586,127.41533860411137,0.0,0.0,0.0,0.0,0.017957423458469388,1,1,316
587,123.72533291643038,0.0,0.0,0.0,0.0,0.0,1,1,316
588,126.63578079944112,0.0,0.0,0.0,0.051019795038763735,0.0,1,2,316
589,126.03338989941885,0.0,0.0,0.0,0.0,0.0,1,2,316
590,114.26459271349053,0.0,0.0,0.0,0.39226174017709203,0.0,1,2,316
591,123.68145267661224,0.0,0.0,0.0,0.0,0.0,1,2,316
592,128.12587948443144,0.0,0.0,0.0,0.0,0.017957423458469388,1,2,316
593,116.43899263192644,0.0,0.0,0.0,0.0,0.0,1,2,316
594,126.44435307664429,0.0,0.0,0.0,0.0,0.0,1,3,316
595,125.37122768874771,0.0,0.0,0.0,0.0,0.0,1,3,316
596,121.9006982848912,0.0,0.0,0.0,0.0,0.0,1,3,316
597,121.89873262916193,0.0,0.0,0.0,0.0,0.0,1,3,316
598,123.28849871249045,0.0,0.0,0.0,0.0,0.0,1,3,316
599,113.15485902621346,0.0,0.0,0.0,0.051019795038763735,0.0,1,3,316
600,111.62380098701502,0.0,0.0,0.0,0.9073423720657084,0.0,1,4,316
601,114.83047421303564,0.0,0.0,0.0,0.0,0.0,1,4,316
602,118.87662462994905,0.0,0.0,0.0,0.39226174017709203,0.0,1,4,316
603,106.86830634076318,0.0,0.0,0.0,0.0,0.0,1,4,316
604,124.16382314612127,0.0,0.0,0.0,0.0,0.0,1,4,316
605,113.26197047954523,0.0,0.0,0.0,0.0,0.051019795038763735,1,4,316
606,106.5023415027969,0.0,0.0,0.0,0.0,0.0,1,5,316
607,118.30832394537629,0.0,0.0,0.0,0.017957423458469388,0.0,1,5,316
608,116.94491129674292,0.0,0.0,0.0,0.0,0.0,1,5,316
609,122.52823529679348,0.0,0.0,0.0,0.0,0.0,1,5,316
610,129.40362251382248,0.0,0.0,0.0,0.0,0.0,1,5,316
611,147.47113340966288,0.0,0.0,0.0,0.39226174017709203,0.0,1,5,316
612,149.8112262146802,0.0,0.0,0.0,0.2508910182470942,0.9073423720657084,1,6,316
613,160.93125365448103,0.0,0.0,0.0,2.5598770926331307,0.2508910182470942,1,6,316
614,162.47993556391566,0.0,0.0,0.0,0.7924709513924801,0.3198682367443273,1,6,316
615,195.04373660228438,0.0,0.0,0.0,0.723493732895247,2.475794926014072,1,6,316
616,208.22544758237146,0.0,0.0,0.0,2.017746720781916,2.0867239392791483,1,6,316
617,309.93418194028123,0.0,0.0,0.0,1.478696033817134,4.024129685590004,1,6,316
618,295.3552079403117,0.0,0.0,0.0,1.2762955644281992,6.346089448158001,1,7,316
619,323.0407519077712,0.0,0.0,0.0,2.9707212601898134,6.656498171187983,1,7,316
620,345.23088019181955,0.0,0.0,0.0,6.843665205761892,7.881351143832867,1,7,316
621,413.77285508678847,0.0,0.0,0.0,2.7597483158414606,5.656870032810441,1,7,316
622,488.282401203896,0.0,0.0,0.0,4.2690080722194015,5.1357767693041305,1,7,316
623,461.36540755786524,0.0,0.0,0.0,7.788742993096921,6.338466884332173,1,7,316
624,486.79065403974226,0.0,0.0,0.0,7.147975945210653,4.123458657917148,1,8,316
625,506.6125573581974,0.0,0.0,0.0,5.104859873288682,9.032526624650655,1,8,316
626,541.7423734243981,0.0,0.0,0.0,4.505372167568543,8.27748256285116,1,8,316
627,639.9647711634898,0.0,0.0,0.0,8.023934656462185,9.081017173508815,1,8,316
628,637.4615648779611,0.0,0.0,0.0,8.391903112407073,6.293618804765424,1,8,316
629,569.4733443315632,0.0,0.0,0.0,7.185417883753122,7.067185815036512,1,8,316
630,674.5755450964657,0.0,0.0,0.0,3.931182412016605,7.4146334188411345,1,9,316
631,668.3650878304808,0.0,0.0,0.0,4.335597902122292,7.796986489600805,1,9,316
632,862.7362186559192,0.0,0.0,0.0,4.272763479992384,5.026159428186873,1,9,316
633,752.6307534698648,0.0,0.0,0.0,5.925100935308616,5.659864365733348,1,9,316
634,725.1634704127133,0.0,0.0,0.0,4.908902334333543,6.111532550268184,1,9,316
635,718.4669964654311,0.0,0.0,0.0,4.658756459897299,3.2235836211979505,1,9,316
636,672.8564797621334,0.0,0.0,0.0,7.520077601017562,5.867474101892153,1,10,316
637,680.2536294355554,0.0,0.0,0.0,5.832094798331927,9.161390423197416,1,10,316
638,663.6198054116344,0.0,0.0,0.0,6.493588750830338,7.450481165256513,1,10,316
639,752.5835249300708,0.0,0.0,0.0,4.693879634803046,4.215277659430255,1,10,316
640,790.8699736436072,0.0,0.0,0.0,3.764245918427292,9.45741456877043,1,10,316
641,811.2270523728919,0.0,0.0,0.0,8.60152648132467,7.998624168725424,1,10,316
642,835.602196798194,0.0,0.0,0.0,6.8176326693038485,9.479382683924438,1,11,316
643,810.3114155429477,0.0,0.0,0.0,6.958777859740484,11.432488629849045,1,11,316
644,778.8636628442273,0.0,0.0,0.0,9.699055031391,9.4986805400435,1,11,316
645,698.9968284040339,0.0,0.0,0.0,5.741449561389345,10.552955394539584,1,11,316
646,714.3148076897197,0.0,0.0,0.0,5.1366944052201715,1.9951610664205213,1,11,316
647,756.6410374653508,0.0,0.0,0.0,7.7212338492215595,6.8633013399864815,1,11,316
648,873.202417910804,0.0,0.0,0.0,7.189243594540148,10.670114636218647,1,12,316
649,825.0117358067273,0.0,0.0,0.0,3.922090095512476,11.981051907274153,1,12,316
650,676.7609484383837,0.0,0.0,0.0,6.617792043256638,4.901233242307369,1,12,316
651,805.3102821195952,0.0,0.0,0.0,8.63560605640952,3.9858157572420896,1,12,316
652,684.6201748178269,0.0,0.0,0.0,8.638586173707441,4.789183699809668,1,12,316
653,629.2564849922288,0.0,0.0,0.0,5.550202211829991,7.18270281193208,1,12,316
654,806.7114576635655,0.0,0.0,0.0,10.961532350749467,16.653334209473485,1,13,316
655,793.925426195417,0.0,0.0,0.0,7.583195738319991,13.064762212270756,1,13,316
656,771.329067445447,0.0,0.0,0.0,10.07021256272163,5.597610134738458,1,13,316
657,806.3833255635318,0.0,0.0,0.0,13.483125267463874,7.332473554074117,1,13,316
658,752.5994502387407,0.0,0.0,0.0,6.864316865434611,6.535516229364974,1,13,316
659,755.3216009785538,0.0,0.0,0.0,5.489332381549872,5.29831159917399,1,13,316
660,674.4275757248682,0.0,0.0,0.0,4.632090490550457,3.553138581206412,1,14,316
661,666.1244041639735,0.0,0.0,0.0,3.7654330538908742,3.5206706163861208,1,14,316
662,679.4445055413419,0.0,0.0,0.0,4.424436786337476,2.8776845634098214,1,14,316
663,871.497665588243,0.0,0.0,0.0,5.764885751165223,6.669246327876585,1,14,316
664,782.9110780472156,0.0,0.0,0.0,9.00309288956438,6.589501475579767,1,14,316
665,668.8758502681546,0.0,0.0,0.0,3.3896472916573206,11.375154428427505,1,14,316
666,804.4721068603845,0.0,0.0,0.0,7.539063920817219,12.890538076848287,1,15,316
667,760.4264756804158,0.0,0.0,0.0,5.6295276608529194,8.687108997783142,1,15,316
668,793.2459248844742,0.0,0.0,0.0,4.477744402382072,6.479243199502164,1,15,316
669,648.0226961820242,0.0,0.0,0.0,7.397949327541701,10.974652585217193,1,15,316
670,804.4619539787162,0.0,0.0,0.0,6.506629539513862,7.810299751117125,1,15,316
671,834.4903609276207,0.0,0.0,0.0,8.475841743383443,7.2612374336757455,1,15,316
672,631.6869485432313,0.0,0.0,0.0,3.5808481503741483,10.126005456892656,1,16,316
673,735.1256647274236,0.0,0.0,0.0,10.121232357760396,10.429075331269333,1,16,316
674,699.3951466149782,0.0,0.0,0.0,7.103551495712954,5.652241801907518,1,16,316
675,682.81385911946,0.0,0.0,0.0,10.471438977441577,9.637860293898418,1,16,316
676,792.1579459172515,0.0,0.0,0.0,8.072118357700436,7.446741651164942,1,16,316
677,796.7079912456479,0.0,0.0,0.0,10.354746988415963,12.834891728963024,1,16,316
678,775.7221552626944,0.0,0.0,0.0,5.713271549366454,15.28527827770825,1,17,316
679,784.2354225436238,0.0,0.0,0.0,6.545398539823871,8.72135850482702,1,17,316
680,659.3696505580774,0.0,0.0,0.0,7.106967780648485,8.380072591634518,1,17,316
681,695.1538316217633,0.0,0.0,0.0,10.654014284453,10.494341954779683,1,17,316
682,601.7404872064897,0.0,0.0,0.0,4.576270009861392,5.244746626915398,1,17,316
683,564.1194431530407,0.0,0.0,0.0,6.66790890585906,12.505450195290857,1,17,316
684,558.8128984536431,0.0,0.0,0.0,8.272892513345107,4.5567168698197715,1,18,316
685,555.1403462594068,0.0,0.0,0.0,11.17463487698126,10.604507376822212,1,18,316
686,486.1061971500644,0.0,0.0,0.0,7.041940712387071,7.170930474838685,1,18,316
687,425.24626901998334,0.0,0.0,0.0,7.13703414124945,7.021711849458906,1,18,316
688,631.3231271055498,0.0,0.0,0.0,6.265748473686941,7.947462516100397,1,18,316
689,677.8803907291731,0.0,0.0,0.0,5.675550349722119,5.3960833332113936,1,18,316
690,557.1224636202162,0.0,0.0,0.0,4.7528469008801055,5.331486526408263,1,19,316
691,423.2747593781192,0.0,0.0,0.0,1.7946954364521872,3.9530228852093336,1,19,316
692,361.1176481075442,0.0,0.0,0.0,3.0689143038735245,3.5607611450322416,1,19,316
693,403.966466959705,0.0,0.0,0.0,4.041169473132428,2.973287009710861,1,19,316
694,555.6131220552853,0.0,0.0,0.0,1.6779728502654605,3.814376996654703,1,19,316
695,398.1411302734826,0.0,0.0,0.0,2.360923505340844,3.2449573295919514,1,19,316
696,271.07192328268553,0.0,0.0,0.0,2.3409036005004977,2.411687171725128,1,20,316
697,298.56156855941884,0.0,0.0,0.0,1.7687905419554215,0.2508910182470942,1,20,316
698,257.35153863393964,0.0,0.0,0.0,3.3469969196694787,2.2484248071400668,1,20,316
699,293.37251879530993,0.0,0.0,0.0,1.9866191886222213,1.6194723489871277,1,20,316
700,296.37295273519766,0.0,0.0,0.0,1.3415315907774352,0.9743847511423412,1,20,316
701,240.8648342613937,0.0,0.0,0.0,1.6354949330249968,1.903425738814516,1,20,316
702,311.19934246174597,0.0,0.0,0.0,2.332956129462201,2.679874106169127,1,21,316
703,270.0145299653055,0.0,0.0,0.0,1.394486225236799,0.3198682367443273,1,21,316
704,242.3753828434297,0.0,0.0,0.0,1.4275485968170931,0.8865630704317116,1,21,316
705,247.68143268356744,0.0,0.0,0.0,0.7234937328952471,0.9133550036834042,1,21,316
706,258.22014407854715,0.0,0.0,0.0,2.08353318583698,0.7526730547412825,1,21,316
707,214.34128584293134,0.0,0.0,0.0,1.3355189591597392,0.5821230109652492,1,21,316
708,261.5321636821611,0.0,0.0,0.0,1.5504951304898946,0.9743847511423412,1,22,316
709,219.72286671009243,0.0,0.0,0.0,2.6681854429828338,1.1959545899571384,1,22,316
710,202.68743892749103,0.0,0.0,0.0,1.4894653830309577,0.2508910182470942,1,22,316
711,270.4039057679581,0.0,0.0,0.0,0.6431527584241862,0.9045204938901809,1,22,316
712,203.42476024996049,0.0,0.0,0.0,0.3198682367443273,0.06897721849723312,1,22,316
713,227.726805554778,0.0,0.0,0.0,0.4432815352158557,0.41021916363556143,1,22,316
714,190.71820902554057,0.0,0.0,0.0,0.7845234803541841,0.7526730547412825,1,23,316
715,210.75408260284496,0.0,0.0,0.0,0.0,1.0604017571819997,1,23,316
716,155.8564310499965,0.0,0.0,0.0,0.0,0.3822517877569188,1,23,316
717,176.1027603488327,0.0,0.0,0.0,0.051019795038763735,0.017957423458469388,1,23,316
718,199.91170928542027,0.0,0.0,0.0,0.331231992718155,0.10203959007752747,1,23,316
719,148.69742458134084,0.0,0.0,0.0,0.10203959007752747,0.0,1,23,316
720,146.66906055971032,0.0,0.0,0.0,0.0,0.9073423720657084,2,0,317
721,157.6189567061466,0.0,0.0,0.0,0.0,0.051019795038763735,2,0,317
722,143.13906759849658,0.0,0.0,0.0,0.0,0.10203959007752747,2,0,317
723,146.33541210569274,0.0,0.0,0.0,0.0,0.017957423458469388,2,0,317
724,160.33298220387968,0.0,0.0,0.0,0.331231992718155,0.0,2,0,317
725,128.9530637430623,0.0,0.0,0.0,0.051019795038763735,0.0,2,0,317
726,177.0735417246695,0.0,0.0,0.0,0.0,0.017957423458469388,2,1,317
727,332.28292093853327,0.0,0.0,0.0,0.0,0.0,2,1,317
728,119.55436846755975,0.0,0.0,0.0,0.0,0.0,2,1,317
729,126.01971817705278,0.0,0.0,0.0,0.0,0.0,2,1,317
730,127.61845518196388,0.0,0.0,0.0,0.0,0.30191081328585795,2,1,317
731,116.77416442471014,0.0,0.0,0.0,0.9073423720657084,0.0,2,1,317
732,121.4609560521192,0.0,0.0,0.0,0.0,0.0,2,2,317
733,132.61991998356496,0.0,0.0,0.0,0.0,0.0,2,2,317
734,119.03936210490114,0.0,0.0,0.0,0.0,0.0,2,2,317
735,128.43733602281398,0.0,0.0,0.0,0.39226174017709203,0.0,2,2,317
736,136.05045713246278,0.0,0.0,0.0,0.10203959007752747,0.0,2,2,317
737,117.25456234980088,0.0,0.0,0.0,0.051019795038763735,0.0,2,2,317
738,118.28087791191624,0.0,0.0,0.0,0.0,0.0,2,3,317
739,130.2308477307757,0.0,0.0,0.0,0.39226174017709203,0.0,2,3,317
740,107.39136023590916,0.0,0.0,0.0,0.0,0.0,2,3,317
741,124.09430926272735,0.0,0.0,0.0,0.0,0.0,2,3,317
742,130.655424983308,0.0,0.0,0.0,0.0,0.0,2,3,317
743,110.17996632249704,0.0,0.0,0.0,0.0,0.0,2,3,317
744,118.64412024742613,0.0,0.0,0.0,0.0,0.0,2,4,317
745,130.84055138379827,0.0,0.0,0.0,0.0,0.0,2,4,317
746,109.8512090130265,0.0,0.0,0.0,0.7845234803541841,0.331231992718155,2,4,317
747,116.8612858915498,0.0,0.0,0.0,0.0,0.0,2,4,317
748,122.83479777500428,0.0,0.0,0.0,0.0,0.0,2,4,317
749,110.76959191191,0.0,0.0,0.0,0.0,0.0,2,4,317
750,118.55518771188144,0.0,0.0,0.0,0.7845234803541841,0.0,2,5,317
751,138.95241032411258,0.0,0.0,0.0,0.0,0.331231992718155,2,5,317
752,124.30758755705996,0.0,0.0,0.0,0.0,0.0,2,5,317
753,124.28013199339495,0.0,0.0,0.0,0.0,0.0,2,5,317
754,139.99362106560832,0.0,0.0,0.0,0.0,0.331231992718155,2,5,317
755,131.91003504888567,0.0,0.0,0.0,1.814684744131417,0.06897721849723312,2,5,317
756,153.8866303478561,0.0,0.0,0.0,0.723493732895247,0.9073423720657084,2,6,317
757,163.91325477078985,0.0,0.0,0.0,0.39226174017709203,0.39226174017709203,2,6,317
758,152.8765340407974,0.0,0.0,0.0,0.4432815352158558,0.4432815352158557,2,6,317
759,204.93898690054263,0.0,0.0,0.0,0.9224779173486504,1.3585713783198603,2,6,317
760,215.59337946579228,0.0,0.0,0.0,1.7985642705614615,4.163214301928411,2,6,317
761,235.23862949677292,0.0,0.0,0.0,2.635461349508064,1.6546643024508594,2,6,317
762,445.2828129362767,0.0,0.0,0.0,2.7021654504791717,4.5659351502287535,2,7,317
763,256.14749991530226,0.0,0.0,0.0,2.3329867266233184,2.647729370504877,2,7,317
764,369.7196501647729,0.0,0.0,0.0,7.044876861630819,2.0669601630932823,2,7,317
765,477.74904381396584,0.0,0.0,0.0,7.373428833759707,4.7897940376089005,2,7,317
766,560.3479163139598,0.0,0.0,0.0,7.092749871281588,4.396627649581228,2,7,317
767,469.8063559985641,0.0,0.0,0.0,7.839877059203903,4.7369519588035125,2,7,317
768,547.6944825820561,0.0,0.0,0.0,4.153542244786169,6.320509460873701,2,8,317
769,471.80035785855074,0.0,0.0,0.0,1.7480112403214247,2.587604270896518,2,8,317
770,485.1796954397413,0.0,0.0,0.0,4.327524467179144,4.768871162974401,2,8,317
771,557.0501074011743,0.0,0.0,0.0,6.320056911699959,5.38413854137062,2,8,317
772,634.2171976799928,0.0,0.0,0.0,3.849501849616874,3.2361228197987275,2,8,317
773,673.2958703967033,0.0,0.0,0.0,5.236927642570305,5.56201851697756,2,8,317
774,726.7417445904166,0.0,0.0,0.0,5.4098926614587235,2.910578551485804,2,9,317
775,795.5756467331747,0.0,0.0,0.0,4.089801879576849,7.271389243682179,2,9,317
776,842.6825363509802,0.0,0.0,0.0,9.399673464285748,10.264199641005467,2,9,317
777,767.5843528248294,0.0,0.0,0.0,5.651947491856168,6.823817755668923,2,9,317
778,607.4717306180173,0.0,0.0,0.0,8.227816571366052,5.061771655606805,2,9,317
779,611.9433924862299,0.0,0.0,0.0,9.95442350613236,4.6759222113445755,2,9,317
780,574.4069850701685,0.0,0.0,0.0,5.240699431879418,3.5667604057568787,2,10,317
781,564.1331780243912,0.0,0.0,0.0,6.026207840520617,6.0506304447705235,2,10,317
782,612.1656147735632,0.0,0.0,0.0,2.5256715536434293,6.023099236529491,2,10,317
783,589.4082760813845,0.0,0.0,0.0,4.842138334269032,5.592099093203506,2,10,317
784,602.8851573108901,0.0,0.0,0.0,3.1783817153140457,7.81418112279496,2,10,317
785,778.8325035956763,0.0,0.0,0.0,8.140122532616699,5.679291541870116,2,10,317
786,932.5641129868433,0.0,0.0,0.0,7.247646206286394,11.75126509787352,2,11,317
787,888.83089324676,0.0,0.0,0.0,8.737674565591739,11.755329519177561,2,11,317
788,759.8705249238997,0.0,0.0,0.0,7.9476043736866595,6.745495294525565,2,11,317
789,760.1272150205485,0.0,0.0,0.0,7.345914007054807,6.9920963599752595,2,11,317
790,811.7025254862341,0.0,0.0,0.0,8.767915058996504,9.678984407585226,2,11,317
791,709.9666670218472,0.0,0.0,0.0,8.441311297181276,9.107178196660056,2,11,317
792,818.2406687202382,0.0,0.0,0.0,4.967319804071089,9.934787371907769,2,12,317
793,763.1481139255203,0.0,0.0,0.0,4.559696987117693,6.927055076088858,2,12,317
794,742.521477206516,0.0,0.0,0.0,7.292831730634165,5.576559655500499,2,12,317
795,768.8427495040938,0.0,0.0,0.0,9.072775392419171,9.32274877475022,2,12,317
796,809.5835119752318,0.0,0.0,0.0,6.4230141376935315,5.803240421056173,2,12,317
797,794.1795832057225,0.0,0.0,0.0,5.591806461208585,8.45914023394654,2,12,317
798,806.4730743853028,0.0,0.0,0.0,9.038244946217,4.654804631605055,2,13,317
799,804.414361699111,0.0,0.0,0.0,7.459188033088461,9.376492558432425,2,13,317
800,815.2080813053677,0.0,0.0,0.0,5.603751253049358,6.840541552821282,2,13,317
801,709.6095477990787,0.0,0.0,0.0,8.386679630012216,6.992534243027109,2,13,317
802,649.0710106970307,0.0,0.0,0.0,3.239411462772982,5.251273193898479,2,13,317
803,628.5245229358269,0.0,0.0,0.0,6.512899977842465,7.0429596313058696,2,13,317
804,655.4533093234878,0.0,0.0,0.0,2.519077886158787,8.774463913695046,2,14,317
805,785.8096766515131,0.0,0.0,0.0,4.190743794755203,8.823239855782155,2,14,317
806,584.0898185187484,0.0,0.0,0.0,4.766145496274533,7.198995740249412,2,14,317
807,742.0272483488948,0.0,0.0,0.0,7.7408699834461485,9.063315878704824,2,14,317
808,692.2638757590365,0.0,0.0,0.0,4.249229629911643,6.0398610955567005,2,14,317
809,759.9112532664489,0.0,0.0,0.0,10.982342249544585,7.644806521645874,2,14,317
810,781.3447814610417,0.0,0.0,0.0,7.307774248868512,12.06681110660291,2,15,317
811,813.5623043233763,0.0,0.0,0.0,7.363420559395959,9.436618885600302,2,15,317
812,605.8000092178278,0.0,0.0,0.0,3.90518047271968,5.5803008476484965,2,15,317
813,745.3125919474041,0.0,0.0,0.0,11.538885273225537,7.787715812169971,2,15,317
814,686.2542876655713,0.0,0.0,0.0,5.515673443684249,4.140935945683832,2,15,317
815,650.717997733821,0.0,0.0,0.0,7.006170733699467,7.408200513267237,2,15,317
816,574.0833839465049,0.0,0.0,0.0,4.003448273488093,9.470713164164858,2,16,317
817,657.4337175568322,0.0,0.0,0.0,7.800913124561647,5.07671245842691,2,16,317
818,634.2832709201745,0.0,0.0,0.0,6.192326073912987,6.24779105022847,2,16,317
819,662.4951353041821,0.0,0.0,0.0,6.3857454872229376,11.876401075165347,2,16,317
820,669.4786945779051,0.0,0.0,0.0,7.320634116479162,10.163740872161975,2,16,317
821,654.3412872102069,0.0,0.0,0.0,9.842956714915845,12.78698644409471,2,16,317
822,620.9146564287962,0.0,0.0,0.0,10.512690733089661,9.960838812690298,2,17,317
823,541.9900965817055,0.0,0.0,0.0,6.567868245060619,9.911903336251964,2,17,317
824,552.9509139379836,0.0,0.0,0.0,10.071711234504624,6.57891178252148,2,17,317
825,497.3093548309178,0.0,0.0,0.0,4.968405823491447,6.6330917338412965,2,17,317
826,479.1412611809196,0.0,0.0,0.0,6.997047820034223,10.977413077201078,2,17,317
827,539.6062333999066,0.0,6.0,1.0,7.2796616219329415,10.673372682031783,2,17,317
828,519.4434584750334,0.0,24.0,1.0,10.084415423139044,9.103015885823936,2,18,317
829,541.0220284616312,0.0,32.0,1.0,4.165049536402684,4.738464001479561,2,18,317
830,526.0092982386401,0.0,53.0,1.0,6.400286625745872,7.524553379455397,2,18,317
831,467.3518684067075,0.0,56.0,1.0,5.343626060711873,7.098762502899285,2,18,317
832,557.1488018535454,0.0,43.0,1.0,7.327490663529537,6.119168484987072,2,18,317
833,372.1875456344094,0.0,18.0,1.0,4.952832395156656,6.697410124274487,2,18,317
834,422.22482137046205,0.0,3.0,1.0,5.710998431840331,5.500988769518624,2,19,317
835,428.5612370281188,0.0,5.0,1.0,6.691397492656792,5.425901874603534,2,19,317
836,345.8991053110704,0.0,23.0,1.0,2.3366973216101994,3.929119930634729,2,19,317
837,276.0707378199375,0.0,46.0,1.0,8.809039172683319,4.590666280154993,2,19,317
838,294.21784014153894,0.0,56.0,1.0,2.8466829577971637,3.490302481020077,2,19,317
839,296.8722365990715,0.0,71.0,1.0,1.266752376806753,2.8012249232587783,2,19,317
840,283.64065534888425,0.0,81.0,1.0,2.995420114898512,1.1767852205312759,2,20,317
841,353.6263485196328,0.0,69.0,1.0,5.193065324615071,2.0819232536288457,2,20,317
842,382.0940134458751,0.0,71.0,1.0,1.9406943892851087,1.6036445074120953,2,20,317
843,292.6341306464592,0.0,63.0,1.0,1.9176419701249885,0.3822517877569188,2,20,317
844,290.45597011922786,0.0,54.0,1.0,1.6308361049609554,2.9675670100880875,2,20,317
845,264.181930608767,0.0,45.0,1.0,1.2942529878866686,1.2905134737950967,2,20,317
846,232.16070584462798,0.0,35.0,1.0,2.89202672126733,1.0002896456391068,2,21,317
847,238.542682199034,0.0,13.0,1.0,3.541915004762419,0.7451923485017136,2,21,317
848,289.1276169308434,0.0,12.0,1.0,1.3623125704678574,1.0433619696395742,2,21,317
849,293.0666862883092,0.0,21.0,1.0,2.643070542440836,2.1165955574172752,2,21,317
850,347.37739436525976,0.0,19.0,1.0,1.6223248243237722,1.3112927754290935,2,21,317
851,307.5982765616283,0.0,23.0,1.0,3.863545626179968,0.7710972429984791,2,21,317
852,247.31029876023064,0.0,17.0,1.0,0.8104283748509495,1.5877637809604876,2,22,317
853,226.01204035835738,0.0,16.0,1.0,0.2508910182470942,1.8657045391701803,2,22,317
854,221.80452922762024,0.0,10.0,1.0,0.5197394599526578,0.017957423458469388,2,22,317
855,227.1199720383985,0.0,0.0,1.0,1.0354144986012783,0.9612146424411168,2,22,317
856,220.1715845442534,0.0,0.0,0.0,0.1530593851162912,1.0093819621432358,2,22,317
857,235.22345404341544,0.0,0.0,0.0,1.0713293455182171,0.3822517877569188,2,22,317
858,193.02460438743717,0.0,0.0,0.0,0.9743847511423412,1.176190813771272,2,23,317
859,232.6964218311913,0.0,0.0,0.0,0.0,0.7526730547412825,2,23,317
860,184.27027604543903,0.0,0.0,0.0,0.0,0.10203959007752747,2,23,317
861,172.260428991451,0.0,0.0,0.0,0.9073423720657084,0.0,2,23,317
862,240.2366945655009,0.0,0.0,0.0,0.1530593851162912,1.4270818320183662,2,23,317
863,181.7645879523421,0.0,0.0,0.0,0.5821230109652492,0.0,2,23,317
864,227.081886584495,0.0,0.0,0.0,0.331231992718155,0.051019795038763735,3,0,318
865,208.48206536226027,0.0,0.0,0.0,0.0,0.30191081328585795,3,0,318
866,291.60384071507303,0.0,0.0,0.0,0.0,0.051019795038763735,3,0,318
867,257.26595689888507,0.0,0.0,0.0,0.0,0.0,3,0,318
868,316.8215215216358,0.0,0.0,0.0,0.0,0.0,3,0,318
869,285.56361197595766,0.0,0.0,0.0,0.051019795038763735,0.0,3,0,318
870,267.31639851012983,0.0,0.0,0.0,0.0,0.017957423458469388,3,1,318
871,143.14922058820855,0.0,0.0,0.0,0.051019795038763735,0.30191081328585795,3,1,318
872,131.68353832679813,0.0,0.0,0.0,0.0,0.0,3,1,318
873,147.24223842687763,0.0,0.0,0.0,0.0,0.0,3,1,318
874,133.68339110387694,0.0,0.0,0.0,0.0,0.017957423458469388,3,1,318
875,135.61933411263755,0.0,0.0,0.0,0.0,0.0,3,1,318
876,125.95307830904434,0.0,0.0,0.0,0.051019795038763735,0.0,3,2,318
877,122.68018721137794,0.0,0.0,0.0,0.051019795038763735,0.0,3,2,318
878,136.03487361159875,0.0,0.0,0.0,0.0,0.0,3,2,318
879,140.34645386984454,0.0,0.0,0.0,0.0,0.0,3,2,318
880,135.7894501164181,0.0,0.0,0.0,0.0,0.0,3,2,318
881,157.423053972806,0.0,0.0,0.0,0.051019795038763735,0.0,3,2,318
882,150.36925702347062,0.0,0.0,0.0,0.0,0.0,3,3,318
883,121.43554160479894,0.0,0.0,0.0,0.0,0.39226174017709203,3,3,318
884,177.10718078979824,0.0,0.0,0.0,0.0,0.0,3,3,318
885,109.29483496686744,0.0,0.0,0.0,0.2508910182470942,0.0,3,3,318
886,124.81017798249157,0.0,0.0,0.0,0.0,0.9073423720657084,3,3,318
887,123.73215514867428,0.0,0.0,0.0,0.051019795038763735,0.0,3,3,318
888,120.43747622806288,0.0,0.0,0.0,0.0,0.0,3,4,318
889,130.7234791860581,0.0,0.0,0.0,0.0,0.0,3,4,318
890,121.07584300431648,0.0,0.0,0.0,0.0,0.0,3,4,318
891,110.19496781029757,0.0,0.0,0.0,0.0,0.0,3,4,318
892,292.689504048759,0.0,0.0,0.0,0.0,0.0,3,4,318
893,168.71620229016622,0.0,0.0,0.0,0.0,0.0,3,4,318
894,109.59360235087816,0.0,0.0,0.0,0.0,0.0,3,5,318
895,124.01890606674999,0.0,0.0,0.0,0.0,0.5821230109652492,3,5,318
896,116.16455050677295,0.0,0.0,0.0,0.0,0.39226174017709203,3,5,318
897,122.16110117518892,0.0,0.0,0.0,0.39226174017709203,0.0,3,5,318
898,134.21552819214838,0.0,0.0,0.0,0.017957423458469388,0.0,3,5,318
899,133.77448556795878,0.0,0.0,0.0,0.0,0.0,3,5,318
900,160.40817016656015,0.0,0.0,0.0,2.367486575664369,0.051019795038763735,3,6,318
901,149.34301915254503,0.0,0.0,0.0,0.39226174017709203,1.3075515832810964,3,6,318
902,158.0550417493655,0.0,0.0,0.0,0.39226174017709203,0.4332715827956825,3,6,318
903,188.0221686135769,0.0,0.0,0.0,0.8183758458892456,1.7403564012780517,3,6,318
904,211.96931676822499,0.0,0.0,0.0,2.370933457761017,3.848584213700831,3,6,318
905,235.5824763024998,0.0,0.0,0.0,3.013830087530724,2.555120375037003,3,6,318
906,253.19631263802026,0.0,0.0,0.0,1.6292261727528208,3.3390494486311826,3,7,318
907,275.14413863927524,0.0,0.0,0.0,3.0504372307397523,2.0230978451380475,3,7,318
908,303.74793241167043,0.0,0.0,0.0,5.750654470905267,3.816152752220983,3,7,318
909,371.10986374850035,0.0,2.0,1.0,3.643363581550609,5.115758579878023,3,7,318
910,512.0870080912566,0.0,4.0,1.0,7.171622771130776,5.675294221067637,3,7,318
911,454.90998443499717,0.0,1.0,1.0,7.498054078198629,3.81300596683299,3,7,318
912,456.5339351756903,0.0,0.0,0.0,4.7071782301974725,5.3808641140213505,3,8,318
913,473.3309591062706,0.0,0.0,0.0,5.976076762293206,4.162776418876561,3,8,318
914,593.9574673850582,0.0,0.0,0.0,4.731600834447381,6.660606560546197,3,8,318
915,509.61920385457336,0.0,0.0,0.0,5.0587684058615,6.269233537180457,3,8,318
916,504.54663587564767,0.0,0.0,0.0,6.810039024582711,3.165210761880895,3,8,318
917,560.0499511988756,0.0,0.0,0.0,6.690479856740747,4.971948034974013,3,8,318
918,605.4997172241577,0.0,0.0,0.0,10.212714759224404,6.84206948917874,3,9,318
919,572.394892401673,0.0,13.0,1.0,5.8681356091537165,5.768032536553216,3,9,318
920,685.1640899362594,0.0,31.0,1.0,4.25580736635706,5.832801798103724,3,9,318
921,766.689232616555,0.0,23.0,1.0,8.67380872433229,4.190038510397646,3,9,318
922,640.4879034346035,0.0,10.0,1.0,9.513785488165324,6.183926053700948,3,9,318
923,647.4734639449424,0.0,0.0,0.0,4.707516508302997,4.453917882948595,3,9,318
924,590.6664461865586,0.0,4.0,1.0,4.842605136425576,6.044503542084608,3,10,318
925,543.9076202534625,0.0,0.0,0.0,5.178623561811233,3.8580131302540575,3,10,318
926,601.8112957103226,0.0,0.0,0.0,5.463592477086753,4.846021384003292,3,10,318
927,588.8308319560782,0.0,0.0,0.0,3.3774935417287257,2.8955117847608465,3,10,318
928,619.0450281007064,0.0,0.0,0.0,2.8617879059189884,8.549185157949795,3,10,318
929,616.7926506713442,0.0,0.0,0.0,6.547994886506035,7.377170025907702,3,10,318
930,741.9867085868108,0.0,0.0,0.0,3.139178225422852,5.268636210596943,3,11,318
931,878.3088034404906,0.0,0.0,0.0,6.292105917357447,10.588177945164434,3,11,318
932,846.7255875759987,0.0,0.0,0.0,9.600733501014089,9.17075056119266,3,11,318
933,782.7500069517921,0.0,0.0,0.0,8.931662477200076,13.373150743916609,3,11,318
934,841.3242670880313,0.0,0.0,0.0,6.588018314650594,7.113739809059832,3,11,318
935,998.5183695631044,1.0,0.0,0.0,4.773302973358064,6.327244985944606,3,11,318
936,840.5989599261383,1.0,0.0,0.0,9.226429184295462,7.4127599656121745,3,12,318
937,797.8885548802916,1.0,0.0,0.0,3.2454240943906787,6.556731698636581,3,12,318
938,703.1415053772744,3.0,0.0,0.0,6.888544727221682,3.672810687529942,3,12,318
939,688.4887274517433,1.0,0.0,0.0,4.93535510738997,6.100874461479508,3,12,318
940,760.7412889280574,0.0,0.0,0.0,5.906549105090144,12.006798562648527,3,12,318
941,738.4503601995357,0.0,0.0,0.0,8.98516602590921,8.497328198389603,3,12,318
942,789.5262118093968,0.0,8.0,1.0,6.956437641712799,7.983054133861296,3,13,318
943,809.2237572360608,0.0,59.0,1.0,7.394660684567446,9.11663938843083,3,13,318
944,855.7643889316304,0.0,73.0,1.0,4.5290056225956095,7.644181517724753,3,13,318
945,910.6840556312379,0.0,66.0,1.0,3.5016662369939047,7.9087257910079325,3,13,318
946,737.4632479464128,0.0,49.0,1.0,8.523458624379733,7.8223541253266164,3,13,318
947,589.0983312470062,0.0,63.0,1.0,2.9535790613753283,9.27652966536176,3,13,318
948,629.4826104030327,0.0,42.0,1.0,6.594114620175393,6.878368106711438,3,14,318
949,659.9406284103874,0.0,8.0,1.0,5.4902194203048005,5.273731206298597,3,14,318
950,615.9594764559731,0.0,27.0,1.0,7.8190977575699065,8.632348010596385,3,14,318
951,595.3284510701518,0.0,57.0,1.0,5.979298112896491,10.559209939186776,3,14,318
952,617.4170897035663,0.0,51.0,1.0,7.1594996183632995,7.3601302383652785,3,14,318
953,642.3469327989827,0.0,76.0,1.0,7.289348345197072,4.026787418463812,3,14,318
954,713.871219700907,0.0,90.0,1.0,7.962416689813561,9.912610298665943,3,15,318
955,738.8597839138071,0.0,71.0,1.0,12.968140847050917,9.037810456635821,3,15,318
956,697.369324092375,0.0,74.0,1.0,4.262881169533488,8.874682484923285,3,15,318
957,723.8521480729239,0.0,81.0,1.0,7.169351331661078,9.630814077240034,3,15,318
958,778.3533793475052,0.0,60.0,1.0,7.461296160580938,7.169563683219564,3,15,318
959,585.4196988470633,0.0,29.0,1.0,6.867507618876782,9.689301207625308,3,15,318
960,661.4834381524682,0.0,19.0,1.0,6.225824613130892,9.16565724354743,3,16,318
961,590.499643799692,0.0,35.0,1.0,5.946866651416644,6.70696752752092,3,16,318
962,712.8145219528163,0.0,25.0,1.0,7.509998870039402,6.892328209367429,3,16,318
963,652.6161915600874,0.0,13.0,1.0,8.510625115727606,6.351923718848993,3,16,318
964,685.9443887225029,0.0,0.0,0.0,7.692973841347993,10.627478479855787,3,16,318
965,909.3330765380963,0.0,0.0,0.0,7.427935407706228,10.080983589991881,3,16,318
966,712.7862476473073,0.0,0.0,0.0,3.7656161035170785,11.606055294263447,3,17,318
967,597.1657398747623,0.0,0.0,0.0,9.20173708049802,8.826219973080075,3,17,318
968,531.087354723683,0.0,8.0,1.0,6.421503810431722,6.104246586491453,3,17,318
969,512.961512530539,0.0,8.0,1.0,6.806764597233438,3.552686032032668,3,17,318
970,490.0097414617421,0.0,9.0,1.0,5.217065976852352,5.121591135154776,3,17,318
971,539.2243449893908,0.0,3.0,1.0,8.118771956670082,7.999076717899165,3,17,318
972,531.2363672094009,0.0,0.0,0.0,4.594369290906123,6.422082286152501,3,18,318
973,512.9562570558844,0.0,0.0,0.0,6.218536971297732,5.1503618758812415,3,18,318
974,624.9848938804253,0.0,0.0,0.0,2.453421623211166,6.645795922475723,3,18,318
975,507.05798206573166,0.0,0.0,0.0,7.554167190882617,10.302386760716605,3,18,318
976,433.9438972860372,0.0,0.0,0.0,1.3702906386672706,3.542803721573772,3,18,318
977,426.43431595942565,0.0,0.0,0.0,8.142222362070942,4.002688876694442,3,18,318
978,395.3212492071718,0.0,0.0,1.0,4.16605084622583,8.67061797089012,3,19,318
979,351.3319452301214,0.0,32.0,1.0,5.836428719183501,4.7641964412289495,3,19,318
980,344.2321548191336,0.0,54.0,1.0,1.4601442035986607,3.709018166441804,3,19,318
981,335.49316032125165,0.0,93.0,1.0,3.2563210855657787,6.564175901535706,3,19,318
982,347.64721677475677,0.0,66.0,1.0,6.125589697724334,3.4784853311405803,3,19,318
983,333.6858587404716,0.0,41.0,1.0,5.392049509068473,1.5036832923978554,3,19,318
984,304.54913958832174,0.0,10.0,1.0,4.254595420389667,2.689626251878395,3,20,318
985,370.705691864776,0.0,57.0,1.0,2.855224835595464,1.7913761963168158,3,20,318
986,318.78590850925616,0.0,92.0,1.0,4.052789357760736,3.1992886589093192,3,20,318
987,404.2877747099198,0.0,100.0,3.0,2.7012478145631285,3.474700170938408,3,20,318
988,379.2653940941698,0.0,100.0,3.0,1.7328756950384832,2.0206008741749857,3,20,318
989,301.8706508231707,0.0,100.0,3.0,0.9942770140214109,0.9057324398575738,3,20,318
990,370.93705547147584,0.0,93.0,1.0,0.3198682367443273,2.3018285973025074,3,21,318
991,480.7097219372374,0.0,72.0,3.0,1.5216407158563248,2.333550536222205,3,21,318
992,347.37109377017686,0.0,86.0,1.0,1.814684744131417,0.30191081328585795,3,21,318
993,280.2628809243655,0.0,100.0,3.0,0.9583621671044722,1.4016437023203276,3,21,318
994,305.1994102558711,0.0,100.0,1.0,2.4818075576317686,1.025404546181105,3,21,318
995,273.19298535099745,0.0,98.0,1.0,1.3075515832810969,1.0963166040989385,3,21,318
996,266.6666068019791,0.0,74.0,1.0,0.2508910182470942,1.3585713783198603,3,22,318
997,279.9683094478128,0.0,21.0,1.0,1.6387835759992515,1.2588049057684572,3,22,318
998,274.6939577502939,0.0,53.0,1.0,1.025404546181105,0.035914846916938775,3,22,318
999,325.0621561852173,0.0,99.0,1.0,0.8840338242511072,0.8765531180115382,3,22,318
1000,224.7536965440731,0.0,100.0,1.0,0.30191081328585795,0.06897721849723312,3,22,318
1001,376.95767003682647,0.0,100.0,1.0,0.4943013302546195,0.3198682367443273,3,22,318
1002,271.83060462467324,0.0,100.0,1.0,1.8073987803546847,0.9583621671044722,3,23,318
1003,195.23355231490746,0.0,100.0,3.0,0.39226174017709203,0.0,3,23,318
1004,204.7211601024001,0.0,100.0,3.0,2.145916736849572,0.9073423720657084,3,23,318
1005,182.3322817376556,0.0,100.0,3.0,0.39226174017709203,0.1710168085747606,3,23,318
1006,165.4830749634575,0.0,100.0,3.0,0.4432815352158557,0.10203959007752747,3,23,318
1007,154.66494533510132,0.0,100.0,3.0,0.06897721849723312,0.7745135279340107,3,23,318
1008,150.0913451774486,0.0,100.0,3.0,0.39226174017709203,0.0,4,0,319
