,internet,tweets,coverage,conditions,From Milan,To Milan,interaction_strength,Days,Hours,dayofyear,Minutes
0,182.50123071069518,0.0,44.0,1.0,0.0,0.0,0.0,4,0,326,0
1,214.1740339963633,1.0,44.0,1.0,0.0,0.2508910182470942,0.0,4,0,326,10
2,133.58427491002305,1.0,44.0,1.0,0.10532994846602274,0.0,0.0,4,0,326,20
3,152.5428534378365,1.0,44.0,1.0,0.4072407617518807,0.0,0.0,4,0,326,30
4,131.1464067095849,4.0,44.0,1.0,0.331231992718155,0.0,0.0,4,0,326,40
5,135.07755812361998,1.0,44.0,1.0,0.051019795038763735,0.39226174017709203,0.0,4,0,326,50
6,134.2160540785717,1.0,44.0,1.0,0.331231992718155,0.0,0.0,4,1,326,0
7,127.7256591268162,0.0,44.0,1.0,0.10203959007752747,0.0,0.0,4,1,326,10
8,120.16028955525304,0.0,44.0,1.0,0.0,0.0,0.0,4,1,326,20
9,124.7404710346912,1.0,44.0,1.0,0.0,0.051019795038763735,0.01624010515190922,4,1,326,30
10,117.48815986493423,0.0,44.0,1.0,0.017957423458469388,0.0,0.0,4,1,326,40
11,122.00583495441046,0.0,44.0,1.0,0.0,0.0,0.0,4,1,326,50
12,136.3267343247957,0.0,44.0,1.0,0.0,0.39226174017709203,0.12486078987002587,4,2,326,0
13,117.05782023053752,0.0,44.0,1.0,0.051019795038763735,0.0,0.0,4,2,326,10
14,118.0775111498576,0.0,44.0,1.0,0.0,0.0,0.0,4,2,326,20
15,126.51010471969481,0.0,44.0,1.0,0.39226174017709203,0.0,0.0,4,2,326,30
16,120.51135161491631,0.0,44.0,1.0,0.0,0.0,0.0,4,2,326,40
17,114.14307492015075,0.0,44.0,1.0,0.0,0.051019795038763735,0.016240105151909157,4,2,326,50
18,119.3822283173946,0.0,44.0,1.0,0.0,0.0,0.0,4,3,326,0
19,117.42540323781023,1.0,44.0,1.0,0.0,0.0,0.0,4,3,326,10
20,111.4596078461758,0.0,44.0,1.0,0.0,0.0,0.0,4,3,326,20
21,119.84024001928631,1.0,44.0,1.0,0.0,0.0,0.0,4,3,326,30
22,115.67442826172702,0.0,44.0,1.0,0.2508910182470942,0.2508910182470942,0.07986109146276786,4,3,326,40
23,104.627126511005,0.0,44.0,1.0,0.5017820364941884,0.0,0.0,4,3,326,50
24,121.40641945570854,0.0,44.0,1.0,0.0,0.2508910182470942,0.0798610914627679,4,4,326,0
25,112.6530630586241,0.0,44.0,1.0,0.0,0.0,0.0,4,4,326,10
26,108.66524095615445,0.0,44.0,1.0,0.39226174017709203,0.0,0.0,4,4,326,20
27,122.27489406724987,0.0,44.0,1.0,0.017957423458469388,0.017957423458469388,0.005716025417219527,4,4,326,30
28,117.925677685699,0.0,44.0,1.0,0.2508910182470942,0.2508910182470942,0.07986109146276789,4,4,326,40
29,114.25095156233513,0.0,44.0,1.0,0.0,0.0,0.0,4,4,326,50
30,124.0743595807838,0.0,44.0,1.0,0.39226174017709203,0.0,0.0,4,5,326,0
31,123.35955106946014,0.0,44.0,1.0,0.0,0.0,0.0,4,5,326,10
32,117.64153137385021,0.0,44.0,1.0,0.051019795038763735,0.0,0.0,4,5,326,20
33,136.21738802027323,0.0,44.0,1.0,0.0,0.2508910182470942,0.0,4,5,326,30
34,130.02485208940078,0.0,44.0,1.0,1.0102995980592802,0.2508910182470942,0.07986109146276787,4,5,326,40
35,127.55366866728373,0.0,44.0,1.0,0.2508910182470942,0.10203959007752747,0.032480210303818445,4,5,326,50
36,182.66969149218144,0.0,44.0,1.0,0.0,1.1667752681111028,0.3713961027945071,4,6,326,0
37,175.17320034517053,0.0,44.0,1.0,0.41021916363556143,0.0,0.0,4,6,326,10
38,159.61976969366899,0.0,44.0,1.0,0.06897721849723312,0.39226174017709203,0.1248607898700259,4,6,326,20
39,167.87009034136292,0.0,44.0,1.0,0.6431527584241862,0.0,0.0,4,6,326,30
40,223.1093732033776,0.0,44.0,1.0,1.9857015527061765,1.0726831490718716,0.2360112331897917,4,6,326,40
41,266.5313374607386,0.0,44.0,1.0,2.023422752350513,0.7631497719601831,0.11819415129175362,4,6,326,50
42,228.0412136415281,0.0,44.0,1.0,3.709612573201808,3.340403252184837,0.7744673318289533,4,7,326,0
43,262.37230364324245,0.0,44.0,1.0,2.519995522074832,3.319285672445316,0.6428623662115278,4,7,326,10
44,321.14716705393977,0.0,44.0,1.0,5.263254489079696,2.306164196210509,0.46799463701142013,4,7,326,20
45,442.7900442935018,0.0,44.0,1.0,7.8652009178337225,6.748061044046612,1.2857902982299192,4,7,326,30
46,405.60841048540186,0.0,44.0,1.0,4.449551686879476,3.9213143171826936,1.1265185909388369,4,7,326,40
47,475.70493636477835,0.0,44.0,1.0,1.5886830949329571,2.6129121984871135,0.28351060977028375,4,7,326,50
48,604.291880398536,0.0,44.0,1.0,6.130053783325541,3.4193904231022434,0.8974142416130835,4,8,326,0
49,509.3003708543377,0.0,44.0,1.0,4.143350920796219,5.854642271296452,1.5209540054840278,4,8,326,10
50,557.85336101317,0.0,44.0,1.0,9.22701022016241,5.858511105405727,0.9796455162974929,4,8,326,20
51,582.9923749011691,3.0,44.0,1.0,3.2567878503645065,5.189196490505796,1.6517725442782272,4,8,326,30
52,483.0659281785322,0.0,44.0,1.0,5.905662066335216,7.256285973616781,1.3143707568337686,4,8,326,40
53,511.11531589647245,1.0,44.0,1.0,6.376285973508593,2.141484926465909,0.38083274526019606,4,8,326,50
54,510.734312628061,1.0,44.0,1.0,8.275970520175111,2.593564468134546,0.2935860080296296,4,9,326,0
55,597.0433345193958,3.0,44.0,1.0,6.607782090836463,9.395014636221703,1.9522995848346498,4,9,326,10
56,694.8994466771272,2.0,44.0,1.0,10.109673859323731,8.727824530350388,1.3372227513851112,4,9,326,20
57,689.6538613652957,3.0,44.0,1.0,6.745269763032201,5.06817058062861,1.157189062031416,4,9,326,30
58,794.4995329885721,3.0,44.0,1.0,10.262860886401297,7.9841136273636035,1.290194377037802,4,9,326,40
59,684.93601932655,2.0,44.0,1.0,3.968917827285925,10.00887681237471,1.7636829169897328,4,9,326,50
60,686.0471742977957,0.0,44.0,1.0,4.303680376007831,5.428302634090935,0.5971452331294791,4,10,326,0
61,651.1849080923442,1.0,44.0,1.0,8.774636368442426,8.338015984040362,1.2026896881782496,4,10,326,10
62,568.192377570701,0.0,0.0,0.0,6.563031056069873,7.723957837865,1.118036806368382,4,10,326,20
63,582.057045993092,0.0,0.0,0.0,6.4579971330694415,7.228318597738137,1.1754046430890261,4,10,326,30
64,625.5510021354435,0.0,0.0,0.0,5.824770653158325,10.149780769505982,2.797711422628431,4,10,326,40
65,583.6966219297801,2.0,0.0,0.0,9.577167991220506,4.9579273908583055,0.6555075168368233,4,10,326,50
66,731.9217493282135,1.0,0.0,0.0,13.695292098187066,15.284173138095346,3.7760211273909405,4,11,326,0
67,768.6067600784488,3.0,0.0,0.0,8.16543302035346,10.353535042448572,2.080642678911292,4,11,326,10
68,702.3348862882257,3.0,0.0,0.0,11.240067515719169,9.445598263622859,2.3401269663218005,4,11,326,20
69,678.4256538723598,5.0,0.0,0.0,9.925358455354543,6.594709026935397,1.2166010802448157,4,11,326,30
70,764.0405619557208,1.0,0.0,0.0,12.04782478680325,10.312141429214225,2.3868896896919893,4,11,326,40
71,793.3737599855992,3.0,0.0,0.0,15.295536894069171,8.636087524687955,1.9120336102360638,4,11,326,50
72,794.0097195382938,3.0,0.0,0.0,11.031977643868576,8.192513357477175,1.9616871200066122,4,12,326,0
73,706.4643848844638,0.0,0.0,0.0,9.991357271968091,10.115475854797179,3.082696038512214,4,12,326,10
74,771.8960298641232,0.0,0.0,0.0,9.839213807353607,10.589290515412726,2.3778839762813773,4,12,326,20
75,711.0447824108992,0.0,0.0,0.0,13.285329063205984,6.9543751603309225,1.299501260303106,4,12,326,30
76,791.7169192166748,0.0,0.0,0.0,10.917119594088412,13.668485115985884,2.276357831400695,4,12,326,40
77,885.9112270913834,3.0,0.0,0.0,13.216307876654572,13.25480485462869,3.5502101880040757,4,12,326,50
78,822.5319944472926,2.0,0.0,0.0,15.060346075435831,14.664967302299935,3.397157574160462,4,13,326,0
79,725.6962473463614,1.0,0.0,0.0,13.544553001163553,9.411489769433317,1.7143470903674334,4,13,326,10
80,906.8113311011072,0.0,0.0,0.0,6.7175279186469234,7.651369591969399,1.7608585619299777,4,13,326,20
81,711.1042507304401,1.0,0.0,0.0,7.942945545622617,8.826219973080075,1.6793955640810714,4,13,326,30
82,625.9612863134107,3.0,0.0,0.0,9.875550606283172,4.914868437750896,0.9037066005883234,4,13,326,40
83,708.7054044215123,1.0,0.0,0.0,4.3439979223343315,8.031717137466835,1.3683492707236686,4,13,326,50
84,643.0146487885919,0.0,0.0,0.0,9.209812193497589,11.488729384494315,1.4812436595263563,4,14,326,0
85,645.629857425701,1.0,0.0,0.0,7.0998236744580145,9.090574576755245,1.8105867561040123,4,14,326,10
86,694.85889633176,0.0,0.0,0.0,6.064267318270475,9.041324631103436,1.8374324692734667,4,14,326,20
87,683.8424076911588,1.0,0.0,0.0,10.947316119438998,8.331196594104174,0.8862336536644743,4,14,326,30
88,563.9037662818919,2.0,0.0,0.0,6.64993510086446,7.460657785766759,1.4840238114361535,4,14,326,40
89,620.9311940995193,2.0,0.0,0.0,3.915949821933504,9.247066628343196,2.0005734294293336,4,14,326,50
90,617.5189204536617,2.0,0.0,0.0,5.143047875089561,8.418711427194896,1.7155375814650715,4,15,326,0
91,696.710689145766,1.0,0.0,0.0,10.907352399429655,9.647545339106124,2.152073036894517,4,15,326,10
92,657.8574913955779,3.0,0.0,0.0,5.284110033985409,7.773752316043314,1.1526129035881376,4,15,326,20
93,640.0734046877915,0.0,0.0,0.0,7.669394115929428,7.728746830678673,1.7032072989097569,4,15,326,30
94,634.1316295537151,2.0,0.0,0.0,10.29052648751486,7.758955048865896,0.9785050176013199,4,15,326,40
95,571.1610704996176,2.0,0.0,0.0,5.277049601702041,6.9068693478903675,0.9145512698961407,4,15,326,50
96,475.18523569300936,1.0,0.0,0.0,5.645648134422876,6.096542256042169,1.0948340129771308,4,16,326,0
97,577.4373822487032,0.0,0.0,0.0,6.1956280877803005,7.140353381384821,1.1347015342786013,4,16,326,10
98,492.5961797501208,3.0,0.0,0.0,7.6304467546927155,10.169219638479387,1.8164835604191176,4,16,326,20
99,496.21690672231705,2.0,0.0,0.0,5.420225843034936,6.412074893878497,1.68620300827866,4,16,326,30
100,476.6669520207872,0.0,0.0,0.0,10.226846471895847,6.848776132502768,1.2169843339903186,4,16,326,40
101,461.5063282212049,0.0,0.0,0.0,5.134631923838297,6.208023750738392,1.804279316340681,4,16,326,50
102,416.1064832586836,4.0,0.0,0.0,8.844825532907047,6.93000544095759,1.595776938496507,4,17,326,0
103,393.0601126126144,1.0,0.0,0.0,5.528069106642338,5.533630867142718,0.8903053155409502,4,17,326,10
104,464.7956654603583,1.0,0.0,0.0,5.799416197367392,6.122767819548807,1.3379581505875489,4,17,326,20
105,397.37679480261744,3.0,0.0,0.0,3.5231070458894664,6.015182362652313,1.32400264792964,4,17,326,30
106,402.29388373354897,5.0,0.0,0.0,5.999203746668618,7.508658437378804,1.3110910786650778,4,17,326,40
107,401.7059256107985,1.0,0.0,0.0,6.642343134199747,5.943383265979552,1.365819512122019,4,17,326,50
108,371.8854832996568,4.0,0.0,0.0,3.8084448364316255,7.431803408491003,1.4563682799053652,4,18,326,0
109,345.8132110193297,0.0,0.0,0.0,7.539658327577224,3.1007647294864262,0.6409948996376392,4,18,326,10
110,397.8722416852922,2.0,0.0,0.0,5.641906942274878,7.045970308407091,1.703349958706506,4,18,326,20
111,376.5380567463917,2.0,0.0,0.0,5.7451890754809165,6.284030804357876,1.5401502733186931,4,18,326,30
112,350.29292657455505,1.0,0.0,0.0,6.383652408679943,4.292060491379523,0.9370412582820483,4,18,326,40
113,289.7461986814681,1.0,0.0,0.0,3.5289107194193403,4.31298165059978,0.7231438946310346,4,18,326,50
114,344.18801314869575,1.0,0.0,0.0,5.178156797012507,3.5621149485858963,0.887288357491099,4,19,326,0
115,274.25731887926776,2.0,0.0,0.0,2.609428813050021,3.166436923473272,0.73941673322532,4,19,326,10
116,288.99421951751265,0.0,0.0,0.0,6.000964453285414,3.6366380339020976,0.8474215394276817,4,19,326,20
117,263.2677043978188,2.0,0.0,0.0,3.154606402700717,5.765645147958874,1.0945727308679167,4,19,326,30
118,294.0532050844818,0.0,0.0,0.0,3.244039693675907,1.094381764678338,0.34835253495637747,4,19,326,40
119,266.7188578328637,0.0,0.0,0.0,2.877357940783115,3.022469854861109,0.42647761356119673,4,19,326,50
120,308.50397219838595,0.0,0.0,0.0,0.7451923485017138,3.848003177833884,1.0748891569675854,4,20,326,0
121,249.862494051559,1.0,0.0,0.0,4.309242136508209,0.7238186401077128,0.21415852379848324,4,20,326,10
122,247.8581882988906,2.0,0.0,0.0,2.2659137503855686,1.758313824736521,0.47411155654728016,4,20,326,20
123,254.61507455349698,0.0,0.0,0.0,1.8759251277346003,3.220987274515786,0.6115952556985659,4,20,326,30
124,251.90952890417114,1.0,0.0,0.0,2.5678245636714263,1.5271865826752935,0.40625749585001747,4,20,326,40
125,225.89278346321493,1.0,0.0,0.0,2.0741176401768118,2.5268147210528364,0.5097780336666692,4,20,326,50
126,218.57546316987427,1.0,0.0,0.0,2.262625107411314,0.4612389586743251,0.02195613056912873,4,21,326,0
127,257.74079571671103,1.0,0.0,0.0,1.1847326915695722,1.5864099774068334,0.21615393216723267,4,21,326,10
128,198.1696814057228,2.0,0.0,0.0,0.7451923485017137,0.4432815352158557,0.0,4,21,326,20
129,206.70040203083371,1.0,0.0,0.0,0.5528018315329521,0.5017820364941884,0.07986109146276803,4,21,326,30
130,228.11826166575443,0.0,0.0,0.0,2.3628583447614435,1.4894653830309577,0.1852955093653141,4,21,326,40
131,225.17753181740346,0.0,0.0,0.0,1.3846039147779026,1.899684546666519,0.4136768370519924,4,21,326,50
132,204.80951946187943,0.0,0.0,0.0,0.10203959007752747,0.7526730547412825,0.15972218292553605,4,22,326,0
133,208.1095990155221,1.0,0.0,0.0,0.39226174017709203,0.2508910182470942,0.07986109146276818,4,22,326,10
134,238.6290789797291,3.0,0.0,0.0,2.01173408916422,0.2688484417055636,0.08557711687998742,4,22,326,20
135,201.8416823990068,1.0,0.0,0.0,1.2092531853515665,2.636929424129937,0.4643481239301787,4,22,326,30
136,242.90233345318114,2.0,0.0,0.0,2.4638501341732986,0.6611101818826557,0.13057681528724538,4,22,326,40
137,227.50262905989132,1.0,0.0,0.0,0.9252997955241776,0.6431527584241863,0.07986109146276792,4,22,326,50
138,269.1091037617057,0.0,0.0,0.0,1.4276762387783704,0.10203959007752747,0.0,4,23,326,0
139,178.25010951679297,6.0,0.0,0.0,0.5122587537130888,0.4181666346738575,0.025242322708090886,4,23,326,10
140,183.6200688650267,1.0,0.0,0.0,0.7845234803541841,0.331231992718155,0.0,4,23,326,20
141,173.32166620690867,2.0,0.0,0.0,0.017957423458469388,0.017957423458469388,0.005716025417219534,4,23,326,30
142,167.21188940992442,2.0,0.0,0.0,0.8355432753929478,0.3491894161766244,0.0057160254172195345,4,23,326,40
143,172.25226818060162,2.0,0.0,0.0,0.39226174017709203,0.0,0.0,4,23,326,50
144,165.67662340620143,3.0,0.0,0.0,0.6941725534629499,0.017957423458469388,0.005716025417219521,5,0,327,0
145,178.24781417167415,0.0,0.0,0.0,1.5504951304898946,0.017957423458469388,0.005716025417219524,5,0,327,10
146,190.94530493131612,0.0,0.0,0.0,0.0,0.8330140292123434,0.2651566008280815,5,0,327,20
147,144.13618169415463,2.0,0.0,0.0,0.051019795038763735,1.2565317882423328,0.11115044331976594,5,0,327,30
148,169.2599971775197,5.0,0.0,0.0,0.0,0.051019795038763735,0.01624010515190917,5,0,327,40
149,141.00930882639358,2.0,0.0,0.0,0.051019795038763735,0.0,0.0,5,0,327,50
150,139.3035261596477,1.0,0.0,0.0,0.051019795038763735,0.035914846916938775,0.011432050834439059,5,1,327,0
151,149.52354838426243,1.0,0.0,0.0,0.0,0.0,0.0,5,1,327,10
152,126.53535239040356,0.0,0.0,0.0,0.0,0.0,0.0,5,1,327,20
153,105.00668214385658,0.0,0.0,0.0,0.9073423720657084,0.017957423458469388,0.0057160254172195215,5,1,327,30
154,126.67954003717628,0.0,0.0,0.0,0.0,0.017957423458469388,0.005716025417219522,5,1,327,40
155,114.49253847580916,0.0,0.0,0.0,0.0,0.0,0.0,5,1,327,50
156,121.46891116657773,0.0,0.0,0.0,0.0,0.0,0.0,5,2,327,0
157,118.16799755016592,1.0,0.0,0.0,0.0,0.0,0.0,5,2,327,10
158,115.98214956039395,1.0,0.0,0.0,0.0,0.0,0.0,5,2,327,20
159,105.2211252946184,0.0,0.0,0.0,0.15634974350478648,0.0,0.0,5,2,327,30
160,123.97451833974027,0.0,0.0,0.0,0.30191081328585795,0.017957423458469388,0.005716025417219526,5,2,327,40
161,111.97249036484308,0.0,0.0,0.0,0.0,0.2508910182470942,0.07986109146276793,5,2,327,50
162,107.58639929421629,1.0,0.0,0.0,0.39226174017709203,0.2508910182470942,0.07986109146276787,5,3,327,0
163,122.5827699618947,3.0,0.0,0.0,0.0,0.0,0.0,5,3,327,10
164,121.87555217708498,0.0,0.0,0.0,0.0,0.0,0.0,5,3,327,20
165,111.78328926872985,0.0,0.0,0.0,0.0,0.0,0.0,5,3,327,30
166,131.04406562482978,1.0,0.0,0.0,0.0,0.0,0.0,5,3,327,40
167,125.02030045873664,0.0,0.0,0.0,0.0,0.0,0.0,5,3,327,50
168,101.21410721305,1.0,0.0,0.0,0.0,0.051019795038763735,0.01624010515190923,5,4,327,0
169,119.87243319834772,0.0,0.0,0.0,0.0,0.0,0.0,5,4,327,10
170,106.84735949222885,0.0,0.0,0.0,0.0,0.051019795038763735,0.0,5,4,327,20
171,102.4273908391535,0.0,0.0,0.0,0.0,0.0,0.0,5,4,327,30
172,125.94069699268871,0.0,0.0,0.0,0.0,0.0,0.0,5,4,327,40
173,113.48221193268694,0.0,0.0,0.0,0.0,0.0,0.0,5,4,327,50
174,107.55480903351143,0.0,0.0,0.0,0.0,0.0,0.0,5,5,327,0
175,201.6524271429351,0.0,0.0,0.0,0.2508910182470942,0.0,0.0,5,5,327,10
176,110.77424113062143,2.0,0.0,0.0,0.0,0.0,0.0,5,5,327,20
177,100.3846558231895,0.0,0.0,0.0,0.10203959007752747,0.051019795038763735,0.01624010515190925,5,5,327,30
178,119.39645816681819,0.0,0.0,0.0,0.0,0.2508910182470942,0.07986109146276782,5,5,327,40
179,117.8700757323662,0.0,0.0,0.0,0.0,0.051019795038763735,0.016240105151909254,5,5,327,50
180,115.77645774478044,0.0,0.0,0.0,1.0093819621432358,0.0,0.0,5,6,327,0
181,122.22868164768877,0.0,0.0,0.0,0.0,0.0,0.0,5,6,327,10
182,128.1825954688023,0.0,0.0,0.0,0.331231992718155,0.0,0.0,5,6,327,20
183,112.22279701780712,0.0,0.0,0.0,1.1157554730723391,0.0,0.0,5,6,327,30
184,149.55057202389406,0.0,0.0,0.0,0.0,0.051019795038763735,0.0,5,6,327,40
185,145.24125536316592,0.0,0.0,0.0,0.4332715827956825,0.6841626010427766,0.11234130176658626,5,6,327,50
186,134.69573138345734,0.0,0.0,0.0,2.7522676096018923,1.5404851780697213,0.3047983728870238,5,7,327,0
187,167.5705554429823,0.0,0.0,0.0,1.7705968946828186,5.290446086628557,1.5429003966742794,5,7,327,10
188,189.02101175379227,0.0,0.0,0.0,3.340659380839317,3.1653086514129805,0.7185122644769202,5,7,327,20
189,272.8866484733923,0.0,0.0,0.0,5.072775679084148,5.279676737414733,1.3755171490398155,5,7,327,30
190,291.6258542266695,0.0,0.0,0.0,9.112529321016188,9.406492663263753,2.594213118530417,5,7,327,40
191,254.70257694144038,1.0,0.0,0.0,3.1114669781986897,4.865280213993564,1.3382561936860635,5,7,327,50
192,294.0956992219363,2.0,0.0,0.0,1.936518707555928,1.2369644325757287,0.39373800774657786,5,8,327,0
193,283.85672881343294,0.0,0.0,0.0,2.625451397087891,5.296616957368646,0.821031509549883,5,8,327,10
194,342.6356857548843,0.0,0.0,0.0,4.954666334402092,6.3671936570044645,1.6054339457161388,5,8,327,20
195,515.2446832456855,0.0,0.0,0.0,11.967289069869352,7.979766335618968,2.1721379895781996,5,8,327,30
196,465.88754855066793,1.0,0.0,0.0,16.824169263650877,15.390658754181516,4.063389396588441,5,8,327,40
197,451.9648565580017,0.0,0.0,0.0,17.84759500235721,18.955403004391247,4.885042241305893,5,8,327,50
198,379.9843853600111,0.0,0.0,0.0,5.3353553605175374,9.313658136302514,2.385083486871363,5,9,327,0
199,432.87415631195853,1.0,0.0,0.0,5.906874012302609,7.6021561496580325,1.9203982992689512,5,9,327,10
200,443.070669882636,1.0,0.0,0.0,4.7472868184361525,6.669698877050326,1.4985708124798862,5,9,327,20
201,483.42686954610235,2.0,0.0,0.0,8.376279156065035,5.610472562495276,0.6722732004808691,5,9,327,30
202,683.6687610791637,0.0,0.0,0.0,15.384293819791493,10.191220028850932,2.433750750226311,5,9,327,40
203,525.4559188608072,2.0,0.0,0.0,19.05581460266809,17.556032419597045,4.824364122385457,5,9,327,50
204,601.7395435735942,0.0,75.0,1.0,14.415839513457987,19.940909598477926,4.730685646127104,5,10,327,0
205,500.6164251729203,3.0,74.0,1.0,9.043697124348661,9.588182609576675,1.9456441178314672,5,10,327,10
206,495.25095250360914,0.0,66.0,1.0,10.968383824945017,7.336160183289117,1.9214813700830145,5,10,327,20
207,485.5849898438642,1.0,51.0,1.0,8.662430264878756,9.80479763221966,2.3182761411291275,5,10,327,30
208,490.6007167857756,2.0,39.0,1.0,5.795841673309464,14.524520967197235,2.829865046195395,5,10,327,40
209,619.6149007184605,2.0,46.0,1.0,14.086072392849227,15.487799769076652,4.009651177829039,5,10,327,50
210,598.9119855634408,3.0,65.0,1.0,10.217517122931133,17.376230142138063,4.507996298640695,5,11,327,0
211,579.7306676116223,1.0,81.0,1.0,12.331483866579287,14.378907463036494,3.2073364799319317,5,11,327,10
212,722.8981986755922,0.0,88.0,1.0,8.609633869541787,6.8295774611446225,1.2054674552144071,5,11,327,20
213,530.3498096947983,1.0,90.0,1.0,7.014260062324027,7.783182910652967,2.131641290082842,5,11,327,30
214,701.6354078675386,4.0,93.0,1.0,3.7099374804142737,5.656577400815519,1.4067331082732002,5,11,327,40
215,544.0841676468863,1.0,76.0,1.0,5.9502695654591164,8.105615218861914,1.6670781818806508,5,11,327,50
216,634.7259450243912,1.0,96.0,1.0,4.80159525644917,5.293494982484462,0.7045101854976732,5,12,327,0
217,549.3865324996816,0.0,80.0,1.0,12.847723559558721,8.033623057782744,1.7423474551657567,5,12,327,10
218,397.0600318204765,1.0,65.0,1.0,9.161952554739877,8.27643900038808,2.2831264976887433,5,12,327,20
219,490.8312116484269,1.0,65.0,1.0,6.670293283810327,5.697971014049866,1.1416860285690484,5,12,327,30
220,369.59118034740237,0.0,54.0,1.0,8.51925066743301,4.334680266206247,0.5897877009793949,5,12,327,40
221,342.1765485772596,1.0,58.0,1.0,8.341672466591149,2.7406477249735843,0.8561351602542973,5,12,327,50
222,405.0989117898771,1.0,62.0,1.0,7.273618393154129,5.449968974479859,1.31918828683399,5,13,327,0
223,371.22289647599024,0.0,80.0,1.0,2.194114653712808,1.7554919465609935,0.33211242980446914,5,13,327,10
224,374.48890261817115,0.0,75.0,1.0,1.6391390803728343,4.49205935654913,1.0236094066639685,5,13,327,20
225,352.95075085477237,1.0,80.0,1.0,4.095734039799927,3.205882326393961,0.8157421571002957,5,13,327,30
226,563.0625313773477,0.0,16.0,1.0,3.010075524489668,2.707260446180824,0.73688697462367,5,13,327,40
227,306.2715800565452,1.0,39.0,1.0,4.689673355912746,2.514869929212063,0.6788334378800738,5,13,327,50
228,377.63691276833123,1.0,48.0,1.0,5.230333975085663,6.744027219903691,1.7428142236896074,5,14,327,0
229,415.8909072204309,0.0,59.0,1.0,4.4675091103379465,3.3602955150639064,0.8050220300756962,5,14,327,10
230,339.2190382114012,0.0,33.0,1.0,2.941578441684221,3.8629951874741386,0.8119400117689681,5,14,327,20
231,343.2701222265394,0.0,38.0,1.0,1.7899081216949426,2.330134251286674,0.6006038732980793,5,14,327,30
232,324.2748363414496,1.0,32.0,1.0,2.203530199372977,1.5470788455543631,0.32129625748578505,5,14,327,40
233,402.3933262741612,3.0,47.0,1.0,3.652324017890869,5.958149935995853,0.5594063202221465,5,14,327,50
234,360.14902345630014,1.0,60.0,3.0,1.3155296514805097,2.886352367755158,0.7614134934926146,5,15,327,0
235,367.0562679065317,1.0,52.0,3.0,2.201595359952377,2.454421217620072,0.7755505130105056,5,15,327,10
236,288.7390003619085,0.0,62.0,3.0,4.52512257286135,3.1945319413131923,0.89199030877986,5,15,327,20
237,319.17804831820274,1.0,64.0,3.0,5.384861434823828,3.281466583268893,0.3378284552216879,5,15,327,30
238,332.5209897463908,0.0,70.0,3.0,3.6137157794916055,3.6888332715678107,0.9532301123390277,5,15,327,40
239,295.45286455323287,0.0,57.0,3.0,3.983217732503499,5.543014137585344,1.4593400469160576,5,15,327,50
240,355.11284288956733,1.0,57.0,3.0,4.2072025464306835,3.7308586396345316,1.1493729532288408,5,16,327,0
241,344.56598355051744,1.0,44.0,3.0,2.064463192130221,2.280582530869784,0.6403548489539157,5,16,327,10
242,300.62544601885463,1.0,30.0,3.0,4.20512584942382,1.9076336957612403,0.589448591352574,5,16,327,20
243,307.39398676162875,2.0,20.0,1.0,4.182215287849962,3.9898247708811985,0.690454694262638,5,16,327,30
244,293.9088054948702,2.0,27.0,1.0,2.9415784416842206,2.349559749367016,0.6173112811157857,5,16,327,40
245,363.14452148049537,3.0,43.0,1.0,1.7734493700194631,5.259980061730426,1.0172777716175199,5,16,327,50
246,383.03004671329455,0.0,63.0,1.0,6.280259015048761,5.6485006097595205,0.8708358611386305,5,17,327,0
247,281.1010066765586,4.0,36.0,1.0,2.111244433061142,3.413377791484548,0.3929477628630437,5,17,327,10
248,357.3685822894696,1.0,35.0,3.0,3.6948019351313324,4.843875908438445,1.2572706163078866,5,17,327,20
249,295.37084870788937,1.0,73.0,3.0,3.3686955352759456,5.166609991412474,1.1451398788424376,5,17,327,30
250,320.5365706647113,3.0,64.0,3.0,2.4311126698054704,3.9633430787200807,0.4374038770062901,5,17,327,40
251,287.5501106891929,1.0,53.0,3.0,0.6000804344237186,4.409331838215653,0.9194439320063965,5,17,327,50
252,279.0023622611227,2.0,66.0,3.0,5.48749543166136,3.722769311009975,0.2777795101093418,5,18,327,0
253,241.607631185889,1.0,63.0,3.0,3.198145491499912,2.443862504550496,0.49889007244400246,5,18,327,10
254,230.6689495804636,3.0,52.0,1.0,0.9549764793300576,1.870830132032949,0.47382920334215906,5,18,327,20
255,238.16565496419517,0.0,65.0,1.0,3.2947651786633223,2.743175293097763,0.8512236847590061,5,18,327,30
256,269.7174315863623,2.0,93.0,3.0,3.67519639806786,4.297411615735655,1.0244288342186236,5,18,327,40
257,246.86361091617385,1.0,62.0,3.0,5.575317112371988,2.403995829341312,0.5604937574911473,5,18,327,50
258,276.33074413665145,1.0,30.0,1.0,2.458640867403429,3.0862235909634883,0.8769410620747725,5,19,327,0
259,233.4748454424402,2.0,0.0,0.0,4.1599239435399165,3.3523480440256113,0.667119033840514,5,19,327,10
260,235.76016199617249,1.0,0.0,0.0,2.8680566661911646,2.2280946612091466,0.3771121282117264,5,19,327,20
261,244.86177469463382,2.0,0.0,0.0,2.3660185010424954,3.4426989709168447,0.5573074906755763,5,19,327,30
262,335.0354213388633,1.0,11.0,1.0,2.6981698077331204,3.84547393165328,0.7081273813683222,5,19,327,40
263,208.23790937012168,0.0,77.0,1.0,1.4866435048554298,3.997049348466288,0.6880545576895637,5,19,327,50
264,236.17527871236643,1.0,68.0,1.0,4.176202656232265,1.6865147280637605,0.350461719708684,5,20,327,0
265,231.83078621684143,0.0,34.0,1.0,1.1684539788772228,3.0531612193831936,0.8307505052206933,5,20,327,10
266,249.46000182084697,2.0,19.0,1.0,0.39226174017709203,1.4761667876365296,0.15834526755546882,5,20,327,20
267,218.94593451417703,0.0,0.0,0.0,0.7351823960815405,1.1374540886788056,0.23720209163661235,5,20,327,30
268,201.0856112987833,2.0,0.0,1.0,1.176190813771272,2.3429660818823748,0.6209284769864352,5,20,327,40
269,200.2066622908624,1.0,11.0,1.0,1.7800124403429878,1.8099280265352888,0.3101562992353396,5,20,327,50
270,199.53900626450766,1.0,2.0,1.0,2.248873962843144,1.3916337499001543,0.3050561523338744,5,21,327,0
271,214.7030634292994,0.0,16.0,1.0,0.7645035755138375,1.6308361049609554,0.5191112549545381,5,21,327,10
272,200.4451919650317,0.0,4.0,1.0,1.3292501988875631,0.41021916363556143,0.13057681528724535,5,21,327,20
273,218.03123675832143,0.0,23.0,1.0,0.2508910182470942,0.8036928497800463,0.2558233795402132,5,21,327,30
274,204.53237494150372,0.0,15.0,1.0,1.2432331928479048,1.607527557146354,0.3008230779474709,5,21,327,40
275,252.98873195608624,1.0,15.0,1.0,0.7414511563537165,0.9630209951685136,0.3008230779474709,5,21,327,50
276,278.2778214096313,2.0,35.0,1.0,0.9450635717100442,0.4612389586743252,0.14110089502193496,5,22,327,0
277,260.05207255837007,1.0,38.0,1.0,0.5197394599526578,2.1165955574172752,0.6737332909786096,5,22,327,10
278,207.91014802660243,3.0,36.0,1.0,0.8024809038126535,2.2069464843085087,0.413676837051993,5,22,327,20
279,211.0904056662688,6.0,57.0,1.0,0.40020921121538816,1.0153945937609317,0.3069700324197693,5,22,327,30
280,203.76373649256183,3.0,52.0,1.0,1.1582333903128026,2.230916539384674,0.18858170150427575,5,22,327,40
281,233.21227654770698,1.0,52.0,1.0,2.1736279840737343,2.1165955574172752,0.6737332909786109,5,22,327,50
282,182.95630646130334,0.0,52.0,1.0,1.4276762387783704,0.35293060832462164,0.11234130176658626,5,23,327,0
283,207.26247880158226,2.0,52.0,1.0,1.5404851780697213,1.2385743647838634,0.3942504650845124,5,23,327,10
284,217.0350929538124,0.0,52.0,1.0,0.4432815352158558,1.025404546181105,0.3101562992353399,5,23,327,20
285,209.3622945280521,0.0,26.0,1.0,1.0273393856017052,0.7121299769214193,0.22667801190192274,5,23,327,30
286,215.72354466625117,0.0,32.0,1.0,0.2508910182470942,0.0,0.0,5,23,327,40
287,217.02576503705976,2.0,15.0,1.0,0.051019795038763735,2.9304402172037567,0.9327880920065299,5,23,327,50
288,214.6050965677097,2.0,0.0,3.0,0.4332715827956825,0.30191081328585795,0.09610119661467716,6,0,328,0
289,223.06028774434208,2.0,0.0,0.0,0.051019795038763735,0.0,0.0,6,0,328,10
290,219.6452945595654,3.0,0.0,0.0,0.331231992718155,0.0,0.0,6,0,328,20
291,217.7785527669692,12.0,0.0,0.0,0.9073423720657084,1.7861669295469451,0.44369380217931353,6,0,328,30
292,202.66716674333827,3.0,2.0,1.0,0.331231992718155,1.2092531853515662,0.30393235448489647,6,0,328,40
293,177.46839790179138,2.0,18.0,1.0,0.051019795038763735,0.051019795038763735,0.016240105151909226,6,0,328,50
294,174.90897717094745,0.0,0.0,0.0,0.051019795038763735,0.08693464195570251,0.02766306850555967,6,1,328,0
295,178.1329481221509,1.0,8.0,1.0,0.0,0.3822517877569188,0.11384691096255839,6,1,328,10
296,196.6077226017104,0.0,40.0,1.0,0.30191081328585795,0.0,0.0,6,1,328,20
297,158.81824618157438,0.0,15.0,1.0,0.051019795038763735,0.0,0.0,6,1,328,30
298,171.3757830664537,4.0,0.0,0.0,0.0,0.051019795038763735,0.016240105151909212,6,1,328,40
299,147.8598612373069,0.0,42.0,1.0,0.5821230109652492,0.0,0.0,6,1,328,50
300,141.88489811363183,0.0,36.0,1.0,0.0,0.0,0.0,6,2,328,0
301,138.37709731967868,0.0,14.0,1.0,0.0,0.0,0.0,6,2,328,10
302,123.44655600302244,1.0,0.0,1.0,0.051019795038763735,0.0,0.0,6,2,328,20
303,141.29164983357182,0.0,0.0,0.0,0.0,0.9073423720657084,0.28881604718196646,6,2,328,30
304,151.85296192172441,0.0,0.0,0.0,0.2508910182470942,0.0,0.0,6,2,328,40
305,120.35245204152224,0.0,0.0,0.0,0.39226174017709203,0.0,0.0,6,2,328,50
306,126.28552768891741,0.0,0.0,0.0,2.2069464843085087,0.0,0.0,6,3,328,0
307,132.58577045093585,0.0,3.0,1.0,0.051019795038763735,0.0,0.0,6,3,328,10
308,119.27384523354236,0.0,0.0,0.0,0.0,0.0,0.0,6,3,328,20
309,141.92141903978427,0.0,0.0,0.0,0.9073423720657084,0.9073423720657084,0.2888160471819666,6,3,328,30
310,131.76959400208938,0.0,0.0,0.0,0.0,0.0,0.0,6,3,328,40
311,119.42549980057078,0.0,0.0,0.0,0.051019795038763735,0.0,0.0,6,3,328,50
312,130.3570813829667,0.0,0.0,0.0,0.0,0.0,0.0,6,4,328,0
313,126.34745458215538,0.0,0.0,0.0,0.39226174017709203,0.0,0.0,6,4,328,10
314,108.99601360002234,0.0,0.0,0.0,0.0,0.0,0.0,6,4,328,20
315,196.88984236693528,0.0,0.0,0.0,0.0,1.1582333903128026,0.3686771386447343,6,4,328,30
316,140.6403614069711,0.0,0.0,0.0,0.017957423458469388,0.0,0.0,6,4,328,40
317,113.46542442983143,0.0,0.0,0.0,0.0,0.0,0.0,6,4,328,50
318,128.01021102751406,0.0,0.0,0.0,0.0,0.017957423458469388,0.00571602541721953,6,5,328,0
319,116.27699503354944,0.0,10.0,1.0,0.0,0.0,0.0,6,5,328,10
320,111.54855908276815,0.0,41.0,1.0,0.0,0.0,0.0,6,5,328,20
321,115.7695287397958,0.0,65.0,1.0,0.39226174017709203,0.0,0.0,6,5,328,30
322,134.33201574677784,0.0,49.0,1.0,0.0,0.9073423720657084,0.28881604718196646,6,5,328,40
323,144.1337403864403,0.0,0.0,0.0,0.0,0.39226174017709203,0.12486078987002565,6,5,328,50
324,109.39190150030208,0.0,11.0,1.0,0.331231992718155,0.051019795038763735,0.016240105151909223,6,6,328,0
325,130.81600648124413,0.0,62.0,1.0,0.017957423458469388,0.051019795038763735,0.01624010515190922,6,6,328,10
326,111.75398719689886,0.0,25.0,1.0,0.051019795038763735,0.0,0.0,6,6,328,20
327,116.58920626533924,0.0,11.0,1.0,0.30191081328585795,0.051019795038763735,0.016240105151909247,6,6,328,30
328,112.72056316342872,0.0,11.0,1.0,0.0,0.0,0.0,6,6,328,40
329,128.85004997177842,0.0,22.0,1.0,0.0,0.331231992718155,0.0,6,6,328,50
330,123.34687640730715,0.0,3.0,1.0,0.0,0.39226174017709203,0.12486078987002586,6,7,328,0
331,125.25643685899107,0.0,5.0,1.0,0.051019795038763735,0.051019795038763735,0.016240105151909205,6,7,328,10
332,113.73940652061951,0.0,0.0,0.0,0.331231992718155,0.0,0.0,6,7,328,20
333,125.08269942929316,0.0,0.0,1.0,0.6511002294624824,0.11999701353599684,0.021956130569128745,6,7,328,30
334,125.58109745606936,0.0,0.0,0.0,0.6804214088947794,0.2688484417055636,0.08557711687998726,6,7,328,40
335,127.67071528187262,0.0,0.0,1.0,0.763149771960183,2.1936478889140814,0.1597221829255358,6,7,328,50
336,144.30361767285552,0.0,0.0,1.0,1.9786717175839252,0.2688484417055636,0.005716025417219529,6,8,328,0
337,123.46012558415144,0.0,5.0,1.0,0.5453211252933832,0.7631497719601831,0.22667801190192258,6,8,328,10
338,194.0252472017679,2.0,0.0,0.0,1.8326421675898863,2.869410469744819,0.5191112549545391,6,8,328,20
339,145.68067484926212,0.0,0.0,0.0,1.620826152540782,0.520206224751385,0.13310657388889438,6,8,328,30
340,143.39370947892132,0.0,0.0,0.0,2.281936334423438,2.0741176401768118,0.26596168489196137,6,8,328,40
341,138.64037013982625,1.0,3.0,1.0,1.916919076671781,1.0764243412198686,0.0,6,8,328,50
342,147.2979936391865,2.0,0.0,0.0,0.9785927080890656,0.10203959007752747,0.016240105151909216,6,9,328,0
343,145.35631867605954,0.0,0.0,0.0,1.0726831490718716,1.3808644006863309,0.06130052860042437,6,9,328,10
344,144.3686826697044,1.0,0.0,0.0,0.15591186045293565,1.5305058228106652,0.2742074689108294,6,9,328,20
345,160.99152992042323,0.0,0.0,0.0,2.853289996174864,2.630366353806412,0.43501708910536574,6,9,328,30
346,210.43422139977764,0.0,0.0,0.0,1.9248300443696345,1.191326359054214,0.16305702559106383,6,9,328,40
347,183.46587362361439,2.0,0.0,0.0,1.7763018453561077,4.203913903456427,0.8282770491442736,6,9,328,50
348,173.64830680722991,0.0,0.0,0.0,2.50635864857488,1.2092837825126832,0.2522570076704901,6,10,328,0
349,139.1425902096932,0.0,0.0,0.0,2.713854113665466,3.2008548140214623,0.6599871168509428,6,10,328,10
350,185.33079174627068,1.0,0.0,0.0,1.2432331928479048,2.73643976802686,0.6788334378800744,6,10,328,20
351,160.37298156704338,0.0,0.0,0.0,2.691706342355923,1.9330718254592791,0.4867344658285398,6,10,328,30
352,168.54705647096188,0.0,0.0,0.0,1.505954731867554,2.7327161849745134,0.705014064976954,6,10,328,40
353,160.78113908262156,0.0,0.0,0.0,0.4512290062541519,1.461528604313432,0.4489788985414543,6,10,328,50
354,150.3207078689255,0.0,0.0,0.0,1.0972342400149826,1.6028993262434297,0.4882625715314923,6,11,328,0
355,174.4731217608577,0.0,0.0,0.0,2.7699689044058813,4.759537613164907,0.8617477644936966,6,11,328,10
356,183.4579433041869,0.0,0.0,0.0,1.0764243412198686,0.9583927642655892,0.30069350650258797,6,11,328,20
357,181.53719558074226,0.0,0.0,0.0,1.4356237098166664,2.609285277407334,0.38202306956506715,6,11,328,30
358,163.23911161950477,0.0,0.0,0.0,2.554525968276999,1.2942529878866686,0.332112429804468,6,11,328,40
359,257.66133902694264,0.0,0.0,0.0,2.603739410588365,3.2115717288556165,0.8974142416130861,6,11,328,50
360,222.61860013730976,0.0,0.0,0.0,2.87498861178133,3.088805271523761,0.5071718177894454,6,12,328,0
361,160.6573029150581,0.0,0.0,0.0,0.8321269904574162,1.396292577964196,0.3483525349563776,6,12,328,10
362,148.05937172313782,0.0,0.0,0.0,0.6841626010427766,1.5505257276510116,0.48783164247641325,6,12,328,20
363,156.8599795674199,1.0,0.0,0.0,0.8906274917357488,1.1237029441106352,0.25225133834170055,6,12,328,30
364,195.1478012130665,2.0,0.0,0.0,2.05274393178281,1.6180042743652547,0.3909459366776113,6,12,328,40
365,166.315568196688,1.0,0.0,0.0,1.5631014295922319,2.197855845860805,0.3376894161456109,6,12,328,50
366,171.7132873318836,0.0,0.0,0.0,1.6790340218241917,4.861833331896914,0.8322536159272731,6,13,328,0
367,192.55613070315826,0.0,0.0,0.0,0.35293060832462164,1.0545838680271404,0.09610119661467706,6,13,328,10
368,200.63509628249642,0.0,0.0,0.0,2.990326797253286,1.6497128423918943,0.4763995916419741,6,13,328,20
369,197.4926339631401,1.0,0.0,0.0,1.340613954861391,0.3557830836612661,0.11045780153485989,6,13,328,30
370,211.40834446155603,3.0,0.0,0.0,0.15591186045293565,1.1826702101876951,0.03248021030381847,6,13,328,40
371,218.5458427026228,6.0,0.0,0.0,1.7583138247365209,1.5556207233526633,0.14363065362358368,6,13,328,50
372,221.65761215798167,0.0,0.0,0.0,1.0533719220597475,0.7631497719601832,0.16305702559106375,6,14,328,0
373,260.87333414201163,1.0,0.0,0.0,1.5390171034478484,1.9937766657057503,0.3291156108915829,6,14,328,10
374,189.97420016404186,0.0,0.0,0.0,1.3585713783198603,1.2064313071760389,0.3515388017719484,6,14,328,20
375,179.175193178729,0.0,0.0,0.0,1.7762712481949907,0.8945105414700076,0.24673350555187834,6,14,328,30
376,213.3787524853113,0.0,0.0,0.0,2.601804571167765,2.348091674745144,0.6063198987152973,6,14,328,40
377,221.99981120971438,0.0,0.0,0.0,0.8500844139158856,0.904843723046221,0.28230467707974055,6,14,328,50
378,237.88526888366573,0.0,0.0,0.0,1.7328756950384832,0.7862021911203042,0.1541547333582735,6,15,328,0
379,282.6823762660616,1.0,0.0,0.0,2.8149743897705237,2.080130271794507,0.45125719425727456,6,15,328,10
380,271.20382914477784,0.0,0.0,0.0,1.5046009283138997,2.819340585839642,0.5025015986904607,6,15,328,20
381,167.45097487979604,3.0,0.0,0.0,2.8235162675688237,1.2942529878866686,0.20725163993444293,6,15,328,30
382,197.300765320388,3.0,0.0,0.0,2.8586411205309954,0.8765531180115382,0.1541547333582738,6,15,328,40
383,204.48580590858785,3.0,0.0,0.0,3.0371386353453245,1.4076563339380237,0.4318308222897956,6,15,328,50
384,223.1614011882349,0.0,0.0,0.0,3.4935928394085716,1.6610765983657223,0.5287371029683513,6,16,328,0
385,162.49500143176897,0.0,0.0,0.0,2.141160019253444,1.537663299894194,0.22349174508635192,6,16,328,10
386,205.2375780861875,2.0,0.0,0.0,1.220647538486511,1.1123391881368074,0.31538648500324973,6,16,328,20
387,232.5895828974202,2.0,0.0,0.0,1.7508331184969523,1.0533719220597475,0.2060655215398526,6,16,328,30
388,228.81536585848667,1.0,0.0,0.0,3.074407285815918,2.681696389935749,0.30147306866806256,6,16,328,40
389,192.46570121852002,3.0,0.0,0.0,0.4398652502803242,2.129796263279616,0.36087202305981775,6,16,328,50
390,171.6507706048969,2.0,0.0,0.0,0.6940466269159137,1.740823166076779,0.4486868059574592,6,17,328,0
391,245.45980012134373,4.0,0.0,0.0,2.698425936387601,2.5909075799926646,0.6081266356778742,6,17,328,10
392,160.02319704156776,1.0,0.0,0.0,2.9156735471874544,3.096105901422385,0.6559384458919026,6,17,328,20
393,184.27734525262449,0.0,0.0,0.0,0.7200774479597155,4.2582223414694464,0.5897877009793953,6,17,328,30
394,191.73864523450203,0.0,0.0,0.0,2.9660989354662144,2.9987251394088985,0.5676927339391813,6,17,328,40
395,195.39222760794982,1.0,0.0,0.0,2.6080750094963667,2.5612614933479017,0.18501315616019284,6,17,328,50
396,254.3252626690739,1.0,0.0,0.0,3.6915275077820624,1.4573223254231331,0.21415852379848274,6,18,328,0
397,289.08412312720367,1.0,0.0,0.0,3.949281693061336,2.1405962096545563,0.35978458579081657,6,18,328,10
398,204.34539626450436,1.0,0.0,0.0,2.972369373794816,1.0664143887996955,0.2595891512608203,6,18,328,20
399,199.9516949666533,0.0,0.0,0.0,1.98002552113758,2.517722404548707,0.43130361189683275,6,18,328,30
400,200.03303809567944,0.0,0.0,0.0,1.6769715404423144,2.3911639987456117,0.26487424762296025,6,18,328,40
401,191.48821958291984,0.0,0.0,0.0,1.5083421204618968,2.7757708998793302,0.3450176922908495,6,18,328,50
402,191.2843052992268,0.0,0.0,0.0,2.1345529808757444,0.7631497719601831,0.22096198648470305,6,19,328,0
403,200.13574067920555,0.0,0.0,0.0,4.419949568288889,0.8665431655913649,0.2758292564127292,6,19,328,10
404,240.28336838328167,0.0,0.0,0.0,0.633142806004013,1.6920764885641395,0.34878346401145666,6,19,328,20
405,214.87846210390552,0.0,0.0,0.0,2.143094858674044,2.1827508977389805,0.4450696100868107,6,19,328,30
406,210.0061324032054,0.0,0.0,0.0,1.4067692951830963,2.1890196580111563,0.5499696777564569,6,19,328,40
407,206.99111620309517,1.0,0.0,0.0,4.4259182318524095,2.0200064674149814,0.5305993106013882,6,19,328,50
408,246.61692010781053,0.0,0.0,0.0,0.8372219861590678,3.670153799388061,0.5667441331412653,6,20,328,0
409,209.1608661517074,2.0,0.0,0.0,1.2537099100668054,1.4426535449389182,0.13791462820636458,6,20,328,10
410,262.0393273863712,5.0,0.0,0.0,1.686514728063761,0.331231992718155,0.0,6,20,328,20
411,225.09505914508685,5.0,0.0,0.0,1.932746918246813,1.6175375095665276,0.31015629923533933,6,20,328,30
412,256.8930380296982,7.0,0.0,0.0,2.3854439991228378,0.7924709513924801,0.12739054847167486,6,20,328,40
413,231.6796861344157,0.0,0.0,0.0,2.3089860743860364,0.017957423458469388,0.0,6,20,328,50
414,301.53988148343973,1.0,0.0,0.0,0.035914846916938775,1.0333520172194008,0.07880799712040334,6,21,328,0
415,203.37051986802186,1.0,0.0,0.0,0.5821230109652492,0.331231992718155,0.0,6,21,328,10
416,217.090455480564,0.0,0.0,0.0,1.8836619626286504,1.7913761963168155,0.0,6,21,328,20
417,223.4123645740176,0.0,0.0,0.0,2.414765178555136,1.3075515832810969,0.005716025417219524,6,21,328,30
418,281.7441485914853,3.0,0.0,0.0,0.2688484417055636,0.9583621671044722,0.28881604718196646,6,21,328,40
419,250.71978819168967,0.0,0.0,0.0,1.3355189591597392,1.176190813771272,0.37439316406195455,6,21,328,50
420,250.0314892782065,0.0,0.0,0.0,0.7811071954186524,1.8657045391701803,0.016240105151909164,6,22,328,0
421,227.2322162398444,2.0,0.0,0.0,1.086434293640042,0.051019795038763735,0.0,6,22,328,10
422,190.0183700359296,1.0,0.0,0.0,0.2508910182470942,0.2508910182470942,0.0,6,22,328,20
423,175.44101792313703,1.0,0.0,0.0,0.0,0.35293060832462164,0.032480210303818445,6,22,328,30
424,177.04251269550934,0.0,0.0,0.0,0.2508910182470942,0.30191081328585795,0.01624010515190921,6,22,328,40
425,169.15591902664602,0.0,0.0,0.0,0.2508910182470942,0.051019795038763735,0.01624010515190924,6,22,328,50
426,182.30295164358148,1.0,0.0,0.0,0.39226174017709203,1.660015426806991,0.2888160471819651,6,23,328,0
427,174.01922713010123,3.0,0.0,0.0,0.331231992718155,0.051019795038763735,0.016240105151909195,6,23,328,10
428,156.04147542398053,2.0,0.0,0.0,0.0,0.06897721849723312,0.021956130569128724,6,23,328,20
429,140.38441220606538,0.0,0.0,0.0,0.0,0.0,0.0,6,23,328,30
430,159.4386115663153,1.0,0.0,0.0,0.0,0.39226174017709203,0.12486078987002587,6,23,328,40
431,140.06534362966786,0.0,0.0,0.0,0.051019795038763735,0.051019795038763735,0.016240105151909233,6,23,328,50
432,139.30826113601321,0.0,0.0,0.0,0.0,0.051019795038763735,0.01624010515190924,0,0,329,0
433,162.0503950612077,0.0,0.0,0.0,0.0,0.0,0.0,0,0,329,10
434,139.94990691320876,0.0,0.0,0.0,0.051019795038763735,0.4432815352158557,0.008412493060012289,0,0,329,20
435,142.81915702067948,2.0,0.0,0.0,0.0,0.017957423458469388,0.005716025417219521,0,0,329,30
436,136.93114366948384,2.0,0.0,0.0,0.331231992718155,0.051019795038763735,0.016240105151909205,0,0,329,40
437,147.11462317034716,0.0,0.0,0.0,0.0,0.10203959007752747,0.016240105151909247,0,0,329,50
438,146.4245691833041,0.0,0.0,0.0,0.10203959007752747,0.13795443699446625,0.02767215598634829,0,1,329,0
439,125.97128111267807,0.0,0.0,0.0,0.0,0.051019795038763735,0.016240105151909212,0,1,329,10
440,126.36584752038894,0.0,0.0,0.0,0.4432815352158558,0.0,0.0,0,1,329,20
441,117.1920988864217,0.0,0.0,0.0,0.0,0.0,0.0,0,1,329,30
442,112.1621150214043,0.0,0.0,0.0,0.0,0.0,0.0,0,1,329,40
443,128.15743568543664,0.0,0.0,0.0,0.0,0.0,0.0,0,1,329,50
444,115.49898409683928,1.0,0.0,0.0,0.0,0.0,0.0,0,2,329,0
445,110.18722763069808,3.0,0.0,0.0,0.0,0.0,0.0,0,2,329,10
446,113.57600673103177,0.0,0.0,0.0,0.0,0.0,0.0,0,2,329,20
447,111.45152105293086,1.0,0.0,0.0,0.0,0.0,0.0,0,2,329,30
448,116.34783392019509,0.0,0.0,0.0,0.0,0.0,0.0,0,2,329,40
449,116.52598455147293,0.0,0.0,0.0,0.0,0.0,0.0,0,2,329,50
450,102.36552182220194,0.0,0.0,0.0,0.0,0.0,0.0,0,3,329,0
451,104.88425469075138,0.0,0.0,0.0,0.051019795038763735,0.0,0.0,0,3,329,10
452,111.75300347468423,0.0,0.0,0.0,0.051019795038763735,0.0,0.0,0,3,329,20
453,106.27134958655823,0.0,0.0,0.0,0.2508910182470942,0.0,0.0,0,3,329,30
454,103.07470742418877,0.0,0.0,0.0,0.0,0.0,0.0,0,3,329,40
455,119.12499386672926,0.0,0.0,0.0,0.0,0.0,0.0,0,3,329,50
456,99.15322719989314,0.0,0.0,0.0,0.0,0.0,0.0,0,4,329,0
457,105.96876919392031,0.0,0.0,0.0,0.0,0.0,0.0,0,4,329,10
458,114.49402418352535,0.0,0.0,0.0,0.0,0.0,0.0,0,4,329,20
459,126.20399727073477,0.0,0.0,0.0,0.7845234803541841,0.0,0.0,0,4,329,30
460,104.98626947032507,0.0,0.0,0.0,0.0,0.0,0.0,0,4,329,40
461,115.92395102616665,0.0,0.0,0.0,0.0,0.0,0.0,0,4,329,50
462,113.13261332801402,0.0,0.0,0.0,0.7845234803541841,0.0,0.0,0,5,329,0
463,114.88058002018265,2.0,0.0,0.0,0.0,0.0,0.0,0,5,329,10
464,129.19034261819604,0.0,0.0,0.0,0.0,0.051019795038763735,0.016240105151909226,0,5,329,20
465,136.95771491354202,0.0,0.0,0.0,0.0,0.051019795038763735,0.016240105151909216,0,5,329,30
466,125.80059009012604,0.0,0.0,0.0,0.017957423458469388,0.0,0.0,0,5,329,40
467,148.25887180110055,1.0,0.0,0.0,0.39226174017709203,1.1582333903128026,0.07986109146276787,0,5,329,50
468,147.16366022849988,0.0,0.0,0.0,0.0,0.4432815352158558,0.14110089502193526,0,6,329,0
469,142.95654916615982,0.0,0.0,0.0,1.0533719220597475,0.10203959007752747,0.032480210303818396,0,6,329,10
470,157.53734678123968,2.0,0.0,0.0,0.7484827068902091,0.9960833667488078,0.19220239322935428,0,6,329,20
471,171.10295063887958,0.0,0.0,0.0,1.6998133234581885,1.6998133234581885,0.5248272803717569,0,6,329,30
472,198.30935647792285,0.0,0.0,0.0,1.086434293640042,3.1142888563742166,0.4041901785678601,0,6,329,40
473,206.74171976621068,0.0,0.0,0.0,4.103214746039496,3.7725771600813456,0.6623769131194981,0,6,329,50
474,238.35159452007144,0.0,0.0,0.0,4.97918682818409,2.8287255343386937,0.48630425449930714,0,7,329,0
475,243.43683739863457,0.0,0.0,0.0,4.157650826013791,4.167533136472688,0.9103604026841573,0,7,329,10
476,284.8220543769262,0.0,0.0,0.0,3.557087053385804,2.322946177042028,0.5541212238600058,0,7,329,20
477,367.7135076082032,0.0,0.0,0.0,4.316722842747779,6.023099236529492,1.243360200561252,0,7,329,30
478,410.5657577211323,1.0,0.0,0.0,4.730230649357595,5.8657498986158005,1.005620712788407,0,7,329,40
479,371.1127141975845,0.0,0.0,0.0,3.542209314813768,4.362647642084891,0.7515052922736805,0,7,329,50
480,457.159664170168,1.0,0.0,0.0,7.4006749942415695,7.27184179285592,1.6299604645850847,0,8,329,0
481,467.92766759184053,0.0,0.0,0.0,8.847422071458624,8.05859274462563,1.3437347217010827,0,8,329,10
482,610.039548890958,1.0,0.0,0.0,7.499681236674823,4.807735530028143,0.9796865507639841,0,8,329,20
483,535.3755994257389,0.0,0.0,0.0,5.229446936330736,7.846440129527428,1.6289258271406921,0,8,329,30
484,579.3343612506987,0.0,0.0,0.0,8.502499283762608,4.3665835766957235,0.9868554922755797,0,8,329,40
485,514.1286673369251,2.0,0.0,0.0,4.528538857796883,6.482659484437697,1.3479478800893376,0,8,329,50
486,549.0087614745822,0.0,0.0,0.0,8.524926699001607,8.321314283645279,1.7253017318080184,0,9,329,0
487,589.9344850529791,4.0,0.0,0.0,7.021259300285162,9.80644574582466,2.1589392910603897,0,9,329,10
488,688.970387604936,2.0,0.0,0.0,7.4314801793349625,8.443117649908674,1.3484822303222366,0,9,329,20
489,751.477293221926,2.0,0.0,0.0,7.482075462214932,6.522059394848152,1.192480664445171,0,9,329,30
490,610.0232816254139,1.0,0.0,0.0,6.75200696615953,7.310127646831071,1.5023729578112108,0,9,329,40
491,609.4641657513404,1.0,0.0,0.0,10.13872469447656,5.814263338778309,1.1458766980533857,0,9,329,50
492,679.010088137371,0.0,0.0,0.0,7.344883432657193,4.02069873453258,0.9984314505883849,0,10,329,0
493,533.4011792937398,2.0,0.0,0.0,7.14035338138482,2.469556762903013,0.4753121543729743,0,10,329,10
494,776.5194637003352,1.0,0.0,0.0,6.991501953215253,8.459170831107661,1.7060447162948145,0,10,329,20
495,679.2214733035297,2.0,0.0,0.0,6.05707924402583,7.5712233599611745,1.6063010182311985,0,10,329,30
496,653.6034664381804,0.0,0.0,0.0,4.536063532090626,10.654820851813307,2.173116940276448,0,10,329,40
497,675.5549778967023,2.0,0.0,0.0,5.8684605163661825,12.566450190320607,2.128964271418282,0,10,329,50
498,788.3562633837918,2.0,0.0,0.0,6.534891225443853,8.463009912787742,1.3453758441738173,0,11,329,0
499,736.2738845347858,2.0,0.0,0.0,5.149442561908772,10.553291994588683,1.779155657272049,0,11,329,10
500,742.4134164438506,2.0,0.0,0.0,5.479999676472306,10.140237581884536,2.592912654896404,0,11,329,20
501,658.6039883800934,1.0,0.0,0.0,8.240213912380566,6.7893576124808,1.5452913188048454,0,11,329,30
502,640.1815470226047,2.0,0.0,0.0,5.724635305340282,6.48345115644889,1.5851093420277829,0,11,329,40
503,626.2783550068698,0.0,0.0,0.0,6.260735627436332,8.672762601723043,1.9718325197585296,0,11,329,50
504,661.1190714479251,1.0,0.0,0.0,5.5324047055503405,6.390729222499447,1.585091446251893,0,12,329,0
505,635.6810584699518,1.0,0.0,0.0,6.041343385803559,7.358745837650508,1.3813263221140315,0,12,329,10
506,651.4209866637264,1.0,0.0,0.0,5.334646682689316,7.15605273626665,0.7104154164630155,0,12,329,20
507,750.6890575709133,6.0,0.0,0.0,9.587406868604711,8.868103483560535,1.25809705912478,0,12,329,30
508,735.5346669361963,0.0,0.0,0.0,6.011454541397373,3.9330029803689865,1.0089956139879306,0,12,329,40
509,713.1606158097313,1.0,0.0,0.0,4.780491047602707,6.830692362311855,1.478587486856236,0,12,329,50
510,811.8839876372946,1.0,0.0,0.0,4.581070695511693,7.335116620826034,1.2865651058294456,0,13,329,0
511,813.7874789976885,3.0,0.0,0.0,10.156990680969178,12.978731835338039,1.6941973294116985,0,13,329,10
512,752.9878026916689,3.0,0.0,0.0,5.4485008998579865,13.000443821837564,2.0135461849144103,0,13,329,20
513,777.334029838271,1.0,0.0,0.0,7.3815039467592785,4.016746868882521,0.7203804516033959,0,13,329,30
514,722.8033755418097,1.0,0.0,0.0,5.664058107055088,6.872693753199265,1.8130639967468314,0,13,329,40
515,711.5508597287555,1.0,0.0,0.0,5.98553627600755,2.9700962562686914,0.6403548489539145,0,13,329,50
516,916.44029504247,1.0,0.0,0.0,3.732664992361929,7.277952314005704,1.8419951322967163,0,14,329,0
517,673.583763159251,0.0,0.0,0.0,2.4349957195397294,5.695314125907986,0.889419920480045,0,14,329,10
518,669.6346456497606,3.0,0.0,0.0,5.5282780647301575,9.176168786050349,1.4915785337129224,0,14,329,20
519,725.8756939872856,2.0,0.0,0.0,4.967063675416611,7.16459461406495,1.3765327974048318,0,14,329,30
520,793.221890610296,0.0,0.0,0.0,6.4653270649003485,5.996900031981378,1.4979399227676102,0,14,329,40
521,732.3233092852942,1.0,0.0,0.0,8.801105072538078,4.187765392871522,0.7509019374218548,0,14,329,50
522,780.1720660792174,0.0,0.0,0.0,7.983519220603599,8.050819406391136,1.327671802178185,0,15,329,0
523,854.2480240876837,2.0,0.0,0.0,8.842407547151591,9.261478829676028,1.2808331174675944,0,15,329,10
524,705.0295857105989,2.0,0.0,0.0,7.798286180718367,11.436664311578227,2.136355662601364,0,15,329,20
525,661.7974009145034,2.0,0.0,0.0,7.349202650029062,6.9234117734729494,0.8766750720005836,0,15,329,30
526,718.8141200943352,1.0,0.0,0.0,3.9552503566248567,6.940609800137767,1.3448202262253082,0,15,329,40
527,693.0779775145056,0.0,0.0,0.0,6.326508721598341,5.222711411259833,1.0415121979024669,0,15,329,50
528,628.9318195506971,1.0,0.0,0.0,2.7173009957621144,5.791083277656911,1.4058627560212333,0,16,329,0
529,710.1751783663051,1.0,0.0,0.0,5.544994623116546,7.102211063052358,1.3130771297036297,0,16,329,10
530,695.2978419828003,0.0,0.0,0.0,7.798611087930832,6.9268603336260215,1.4739617121229733,0,16,329,20
531,620.0557442111815,0.0,0.0,0.0,4.927874401150403,7.4123619793714335,1.7604557515894736,0,16,329,30
532,705.1024013660417,0.0,0.0,0.0,12.417317822992745,9.038656470310327,1.2778113894466125,0,16,329,40
533,844.5585769962275,0.0,0.0,0.0,6.571687204936394,9.833946356904574,1.5144328960029267,0,16,329,50
534,659.6102276483679,1.0,0.0,0.0,9.468650682782982,12.039130456539862,2.246089283400602,0,17,329,0
535,671.8531259721086,3.0,0.0,0.0,7.301162972288218,8.239038469753616,0.931084776221776,0,17,329,10
536,663.8594350101171,0.0,0.0,0.0,6.834733651168508,7.681479920624538,1.3405285388873627,0,17,329,20
537,590.6303162141447,1.0,0.0,0.0,6.752169433404824,7.401254352052088,0.9490379365373122,0,17,329,30
538,515.1117104730266,0.0,0.0,0.0,5.757879048490357,4.975756327623572,1.2481479593211566,0,17,329,40
539,524.4444947045588,0.0,0.0,0.0,5.986748221974943,4.842154265308259,0.30560024194564717,0,17,329,50
540,650.3018800002812,0.0,0.0,0.0,4.98183034543291,4.686979964430422,0.6585342318396991,0,18,329,0
541,459.62300311565264,1.0,0.0,0.0,4.594694198118589,7.408922561988518,0.9745710767300857,0,18,329,10
542,500.035164347259,0.0,0.0,0.0,3.6117809400710055,3.687321228891763,1.0708586281080623,0,18,329,20
543,458.47395320077766,1.0,0.0,0.0,2.4061254112247488,7.49355348925698,0.8885708708943276,0,18,329,30
544,516.4028683502075,1.0,0.0,0.0,7.4427003623082895,7.709870093247732,1.0685684753730607,0,18,329,40
545,359.0674932859873,1.0,0.0,0.0,3.0702010069256187,4.306969018982087,0.3999664905017326,0,18,329,50
546,364.322182500188,1.0,0.0,0.0,4.75252199366764,6.583779760542754,1.6215706296902295,0,19,329,0
547,371.29137051010315,0.0,0.0,0.0,4.286189717348089,2.658386126706908,0.5086542227869502,0,19,329,10
548,385.4065365855306,0.0,0.0,0.0,3.9174312674484346,5.1286209702770265,0.8466240847801773,0,19,329,20
549,292.59779175459516,1.0,0.0,0.0,3.9810267644284183,0.43327158279568256,0.12167452305445536,0,19,329,30
550,345.76783691165167,0.0,0.0,0.0,5.80857561437308,3.929376059289208,0.3122551287819096,0,19,329,40
551,392.822989124533,2.0,0.0,0.0,3.3791399772773034,2.865994184809287,0.3849172437966438,0,19,329,50
552,311.8331663739132,1.0,0.0,0.0,2.2016259571134937,2.719866745283161,0.38202306956506715,0,20,329,0
553,277.1863918080212,0.0,0.0,0.0,2.274908177357612,3.1149503636357814,0.3612577974427588,0,20,329,10
554,332.21742432772135,0.0,0.0,0.0,1.4966534572756034,0.4842913778344462,0.032480210303818445,0,20,329,20
555,366.7128204644386,0.0,0.0,0.0,1.3802699939263268,2.302266480354359,0.6993066174183881,0,20,329,30
556,301.1221064797062,0.0,0.0,0.0,1.2385743647838634,1.0433619696395744,0.0,0,20,329,40
557,285.09057023466704,0.0,0.0,0.0,3.842908182132233,0.4398652502803242,0.03819623572103798,0,20,329,50
558,290.68061239579083,3.0,0.0,0.0,2.697250493760651,1.6718459475795455,0.32129625748578494,0,21,329,0
559,304.5398842959756,2.0,0.0,0.0,3.5065505965513086,0.8330140292123434,0.07986109146276775,0,21,329,10
560,326.0080601760908,2.0,0.0,0.0,1.7649074922211632,0.9120012001297501,0.20472188133279354,0,21,329,20
561,323.24484314652346,0.0,0.0,0.0,0.6431527584241862,1.1582333903128026,0.2888160471819662,0,21,329,30
562,262.7810737591378,3.0,0.0,0.0,0.3198682367443273,3.3504132046050104,0.2845829727955619,0,21,329,40
563,221.89668086296655,2.0,0.0,0.0,2.604333817348369,0.017957423458469388,0.005716025417219503,0,21,329,50
564,189.3907897202074,2.0,0.0,0.0,1.2996041122428004,0.035914846916938775,0.0,0,22,329,0
565,185.8153563550153,1.0,0.0,0.0,0.051019795038763735,0.5353111728732101,0.10543441790254607,0,22,329,10
566,187.01029021569198,2.0,0.0,0.0,1.4601442035986605,0.9073423720657084,0.0,0,22,329,20
567,259.1670212433583,0.0,0.0,0.0,0.6431527584241863,1.5864099774068334,0.011432050834439036,0,22,329,30
568,198.4688849148037,0.0,0.0,0.0,0.9450635717100442,0.2688484417055636,0.0032861921389621403,0,22,329,40
569,188.9935874467947,2.0,0.0,0.0,0.08693464195570251,0.9073423720657084,0.28881604718196585,0,22,329,50
570,185.98111141835327,2.0,0.0,0.0,0.8940437766712803,0.017957423458469388,0.0,0,23,329,0
571,173.7503295052937,1.0,0.0,0.0,0.0,0.0,0.0,0,23,329,10
572,183.84009303073842,1.0,0.0,0.0,0.0,0.0,0.0,0,23,329,20
573,182.08210925841652,2.0,0.0,0.0,0.39226174017709203,0.06897721849723312,0.021956130569128745,0,23,329,30
574,172.11408657232639,1.0,0.0,0.0,0.0,0.06897721849723312,0.021956130569128762,0,23,329,40
575,165.49394604708226,1.0,0.0,0.0,0.017957423458469388,0.0,0.0,0,23,329,50
576,152.57050569671094,1.0,0.0,0.0,0.0,0.0,0.0,1,0,330,0
577,153.46891587272816,2.0,0.0,0.0,0.0,0.0,0.0,1,0,330,10
578,155.0877962949842,4.0,0.0,0.0,0.0,0.051019795038763735,0.0,1,0,330,20
579,141.65092304217399,2.0,0.0,0.0,0.051019795038763735,0.017957423458469388,0.00571602541721952,1,0,330,30
580,144.29048010127875,5.0,0.0,0.0,0.0,0.0,0.0,1,0,330,40
581,148.47818132186475,3.0,0.0,0.0,0.39226174017709203,0.0,0.0,1,0,330,50
582,138.55740799676178,1.0,0.0,0.0,0.39226174017709203,0.017957423458469388,0.00570693793643089,1,1,330,0
583,133.17319935565396,2.0,0.0,0.0,0.051019795038763735,0.0,0.0,1,1,330,10
584,137.2989017129224,0.0,0.0,0.0,0.0,0.0,0.0,1,1,330,20
585,121.33030511774477,0.0,0.0,0.0,0.051019795038763735,0.0,0.0,1,1,330,30
586,128.02116238975276,0.0,0.0,0.0,0.0,0.0,0.0,1,1,330,40
587,122.102473750359,0.0,0.0,0.0,0.0,0.0,0.0,1,1,330,50
588,121.25053626231824,0.0,0.0,0.0,0.2508910182470942,0.0,0.0,1,2,330,0
589,121.6900657845595,0.0,0.0,0.0,0.0,0.0,0.0,1,2,330,10
590,124.77606320257456,0.0,0.0,0.0,0.0,0.0,0.0,1,2,330,20
591,114.56666512201159,0.0,0.0,0.0,0.0,0.0,0.0,1,2,330,30
592,126.36280555190758,0.0,0.0,0.0,0.051019795038763735,0.017957423458469388,0.005716025417219526,1,2,330,40
593,133.73955338844746,0.0,0.0,0.0,0.051019795038763735,0.0,0.0,1,2,330,50
594,128.13157630381122,0.0,0.0,0.0,0.331231992718155,0.0,0.0,1,3,330,0
595,117.73577787663679,0.0,0.0,0.0,0.39226174017709203,0.0,0.0,1,3,330,10
596,116.92752492164931,0.0,0.0,0.0,0.0,0.0,0.0,1,3,330,20
597,116.7456748276026,0.0,0.0,0.0,0.0,0.0,0.0,1,3,330,30
598,116.73472883420405,0.0,0.0,0.0,0.0,0.0,0.0,1,3,330,40
599,114.60809223935075,0.0,0.0,0.0,0.7845234803541841,0.0,0.0,1,3,330,50
600,113.60720627834029,0.0,0.0,0.0,0.051019795038763735,0.0,0.0,1,4,330,0
601,113.85124651352336,0.0,0.0,0.0,0.66246398543631,0.39226174017709203,0.124860789870026,1,4,330,10
602,116.1875694264355,0.0,0.0,0.0,0.0,0.0,0.0,1,4,330,20
603,121.39850342774712,0.0,0.0,0.0,0.0,0.0,0.0,1,4,330,30
604,108.02387993191657,0.0,0.0,0.0,0.0,0.0,0.0,1,4,330,40
605,114.35300240692708,0.0,0.0,0.0,0.331231992718155,0.0,0.0,1,4,330,50
606,112.20111868457045,0.0,0.0,0.0,0.0,0.0,0.0,1,5,330,0
607,124.9711481817053,0.0,0.0,0.0,0.9073423720657084,0.0,0.0,1,5,330,10
608,129.05298174322965,0.0,0.0,0.0,0.331231992718155,0.0,0.0,1,5,330,20
609,135.27643100165741,0.0,0.0,0.0,0.0,0.0,0.0,1,5,330,30
610,129.55216831185194,0.0,0.0,0.0,0.0,0.0,0.0,1,5,330,40
611,131.75137454379708,0.0,0.0,0.0,0.051019795038763735,0.1530593851162912,0.04872031545572763,1,5,330,50
612,158.22900734886846,0.0,0.0,0.0,0.9252997955241778,0.5122587537130889,0.1630403364657582,1,6,330,0
613,161.87565654994418,0.0,0.0,0.0,1.4039151417900262,0.7121299769214193,0.08557711687998733,1,6,330,10
614,170.64113697974216,0.0,0.0,0.0,1.1747227391493988,0.051019795038763735,0.01624010515190923,1,6,330,20
615,193.50195645229584,0.0,0.0,0.0,3.4932520011568813,1.0433619696395744,0.1910115347825337,1,6,330,30
616,218.6091352117044,0.0,0.0,0.0,1.7195770996440551,0.5821230109652492,0.18529550936531414,1,6,330,40
617,229.80813604820736,0.0,0.0,0.0,2.234657731532672,4.5105814343384125,1.000129695365858,1,6,330,50
618,305.83849533765937,0.0,0.0,0.0,2.403995829341312,1.5518795312046658,0.3634017816614669,1,7,330,0
619,284.24030996456094,2.0,0.0,0.0,1.4356237098166662,4.07210058477286,0.34144565109233727,1,7,330,10
620,306.897502449208,1.0,0.0,0.0,2.654759205627129,4.33809655114178,1.1761371381154406,1,7,330,20
621,355.7053830181266,2.0,0.0,0.0,6.7155930792263225,4.135810352821063,0.53411534698749,1,7,330,30
622,426.1921954399127,0.0,0.0,0.0,6.7420923804830935,1.9909547875302227,0.6280245663985986,1,7,330,40
623,460.78554719501676,1.0,0.0,0.0,8.952185650179594,8.26894068505286,1.6579149737765555,1,7,330,50
624,493.9208771655837,0.0,0.0,0.0,3.8529181345524055,1.9620986948402277,0.36907102680935605,1,8,330,0
625,480.46536760940177,0.0,0.0,0.0,5.847486472269349,6.238700411780767,1.5540091957189093,1,8,330,10
626,519.2719593890174,2.0,0.0,0.0,7.886576304284147,6.622887038958288,1.3329428144479647,1,8,330,20
627,512.4917283699947,5.0,0.0,0.0,4.761472452585507,4.310710211130084,0.384019012075767,1,8,330,30
628,520.8593523547479,3.0,0.0,0.0,2.9586182292266456,2.9803151667766867,0.33907791499886936,1,8,330,40
629,547.3123638559127,2.0,0.0,0.0,8.859447334694016,3.7753187578204384,0.9346832130978512,1,8,330,50
630,554.5991602490283,1.0,0.0,0.0,5.635638182002702,9.63979513331902,1.6063632084210067,1,9,330,0
631,668.0614922519578,2.0,0.0,0.0,8.246535069674596,8.305886106367414,0.6758242386260507,1,9,330,10
632,709.5138138831257,1.0,0.0,0.0,7.321349545218638,9.08254510986627,1.4562926486825518,1,9,330,20
633,643.1097484434633,1.0,0.0,0.0,10.307610243111462,9.131081151234664,0.8780465805164931,1,9,330,30
634,708.7143456292723,4.0,0.0,0.0,10.673080050036859,7.070458526971543,1.7172583690630117,1,9,330,40
635,666.1644833846756,2.0,0.0,0.0,8.861553784130072,10.397819312416432,2.034557398038905,1,9,330,50
636,746.2315547526123,3.0,0.0,0.0,6.018598647587845,10.056168786158537,2.466729623498008,1,10,330,0
637,832.0023824175487,1.0,0.0,0.0,6.735273181505085,8.54199708370515,1.6461119318972448,1,10,330,10
638,711.5002645916251,0.0,0.0,0.0,6.779911469659513,8.543056577207455,1.30419393417991,1,10,330,20
639,679.8987619851911,3.0,0.0,0.0,3.7947408624301135,6.086222062531421,1.3356151233290114,1,10,330,30
640,761.1588675923482,1.0,0.0,0.0,7.8264508218482,7.165015732753076,1.4763852361318457,1,10,330,40
641,768.4628833854429,1.0,0.0,0.0,8.024062298423463,6.067089196446004,1.1222317003011404,1,10,330,50
642,1010.5261441625197,1.0,0.0,0.0,7.823147512752051,17.098901850280935,3.4393250616156665,1,11,330,0
643,855.0832311008983,2.0,0.0,0.0,4.264349244155361,12.801197602550356,2.353700453215418,1,11,330,10
644,875.7544679842438,3.0,0.0,0.0,8.579987782897023,10.015311396005034,1.6734219771070091,1,11,330,20
645,961.9205078951892,2.0,0.0,0.0,5.267604303612682,11.18761024321965,2.9168622716373482,1,11,330,30
646,738.9219949743042,2.0,0.0,0.0,6.950041239479346,6.522315523502632,1.3744320631629137,1,11,330,40
647,816.7523118729945,0.0,0.0,0.0,8.088238831270393,9.066072142565806,2.200974788580791,1,11,330,50
648,960.6022884343226,1.0,0.0,0.0,6.198449965955827,10.968126018234113,1.9698166985968912,1,12,330,0
649,837.9524352609897,1.0,0.0,0.0,7.387939375121528,8.604055727505274,2.0350743900457675,1,12,330,10
650,863.5616578706712,1.0,0.0,0.0,7.539870488177528,11.75914546841026,2.9855593355085968,1,12,330,20
651,759.2423974335902,0.0,0.0,0.0,1.9378725111095816,4.833865956018271,0.4461570473558108,1,12,330,30
652,805.6677262522552,0.0,0.0,0.0,4.272296715193656,3.0987627895642658,0.3687612223092565,1,12,330,40
653,782.6387009851828,0.0,0.0,0.0,9.287881728498954,8.21326374000648,1.385852023226383,1,12,330,50
654,891.2688227200878,0.0,0.0,0.0,4.05699731470746,10.665329881607569,2.03419095888381,1,13,330,0
655,807.453793883002,0.0,0.0,0.0,10.266600400492873,10.952569354263044,1.9415063469762246,1,13,330,10
656,892.4676398720445,2.0,0.0,0.0,7.503405202554761,13.895262926341724,2.3578745427393857,1,13,330,20
657,1010.324585842562,3.0,0.0,0.0,15.026688452363606,10.759549642608075,2.678993117431212,1,13,330,30
658,873.1547509780847,2.0,0.0,0.0,9.588437060174732,13.318377219161293,2.6361589380461146,1,13,330,40
659,769.4272311715184,1.0,0.0,0.0,10.750553500221793,10.681914559830082,1.8464424387715268,1,13,330,50
660,703.7806366051253,0.0,0.0,0.0,7.896315079100359,6.4513197916776965,1.6894277786851373,1,14,330,0
661,760.2290343340508,0.0,0.0,0.0,6.564212404876151,5.95984201765503,0.9072818131338545,1,14,330,10
662,886.0525250020917,1.0,0.0,0.0,9.333225491969118,6.9524403209103225,1.2586170376536863,1,14,330,20
663,645.9298925165732,5.0,0.0,0.0,4.380025707732839,6.6771795832898935,1.427152463338184,1,14,330,30
664,682.1704571598852,4.0,0.0,0.0,4.236381868276719,9.622853235308678,1.4323499190618612,1,14,330,40
665,761.6530600066701,2.0,0.0,0.0,4.587506123873943,6.7910514095542185,0.5808092118236323,1,14,330,50
666,774.8086993219175,2.0,0.0,0.0,7.837777229749656,9.951265065265543,1.9450309220852062,1,15,330,0
667,811.982807877935,0.0,0.0,0.0,8.998915492420958,19.909909708279503,4.434364551953657,1,15,330,10
668,768.7527578323989,3.0,0.0,0.0,11.216464657853217,5.965374513580942,1.2938418089034545,1,15,330,20
669,863.239980856835,0.0,0.0,0.0,3.8608656055907034,6.566741651056755,1.3616381285290895,1,15,330,30
670,610.2789230238645,1.0,0.0,0.0,8.95958268251206,5.228724042877528,0.8820005792780695,1,15,330,40
671,662.9176361971829,2.0,0.0,0.0,8.171868448715706,7.091125272951563,1.8951490584364612,1,15,330,50
672,673.9083461327234,0.0,0.0,0.0,8.263733096339418,10.522744653564011,2.36443068863304,1,16,330,0
673,604.3552057855483,0.0,0.0,0.0,7.002271302429078,6.7132379658495225,1.1080007242130552,1,16,330,10
674,564.9531271390208,1.0,0.0,0.0,7.407410519312471,7.180022791342815,1.3406771147373182,1,16,330,20
675,591.7014969757297,0.0,0.0,0.0,5.857238617978616,8.804718622724797,1.7462413564883257,1,16,330,30
676,620.0001248103832,5.0,0.0,0.0,6.184520460460954,11.09347587154048,1.4524439826061524,1,16,330,40
677,742.5619290440527,2.0,0.0,0.0,8.338851433147548,12.818146251471946,2.787971900425702,1,16,330,50
678,728.6533266961075,3.0,0.0,0.0,10.77294422025094,9.009548770705829,2.4445257587048785,1,17,330,0
679,548.6689037093911,5.0,0.0,0.0,4.667170695734325,6.004705645433412,1.1115851577367257,1,17,330,10
680,725.0208206711868,0.0,0.0,0.0,5.973171210210575,7.494637793263098,1.1494396158810787,1,17,330,20
681,492.7965063275592,2.0,0.0,0.0,4.828981596460867,6.918655055876822,1.4099392578367083,1,17,330,30
682,485.12880242042365,1.0,0.0,0.0,1.9265087551357545,8.146332429485582,1.2284392341485533,1,17,330,40
683,469.18741509032446,3.0,0.0,0.0,2.4766171951863822,6.006090046148183,1.137248978887218,1,17,330,50
684,540.6009568094876,2.0,0.0,0.0,9.108097510632527,8.132116198175112,1.8636227631238838,1,18,330,0
685,543.2859165294958,0.0,0.0,0.0,6.169753790444652,9.953309257827645,1.283064246427674,1,18,330,10
686,466.1394219751298,3.0,0.0,0.0,10.046709272444193,8.651659237608506,1.9100954270877761,1,18,330,20
687,458.43585967017646,3.0,0.0,0.0,7.1928546219385145,7.406024440541276,1.5181688350949856,1,18,330,30
688,489.3406716486349,4.0,0.0,0.0,6.753811640830502,6.1848587385664775,1.1626690873867238,1,18,330,40
689,423.1166805172365,3.0,0.0,0.0,5.220776571839231,5.452823127872929,0.9542317652377231,1,18,330,50
690,388.4858784168767,1.0,0.0,0.0,7.407266983669784,7.1602590151569485,1.722489620001248,1,19,330,0
691,359.77063746126424,1.0,0.0,0.0,2.780187814913876,2.142838730019564,0.28793534795068104,1,19,330,10
692,383.60200659691816,2.0,0.0,0.0,4.69252583124939,4.367773234947658,0.9794189363418898,1,19,330,20
693,315.4176549340933,2.0,0.0,0.0,2.7799788568260544,3.650517665163471,0.2522513383417008,1,19,330,30
694,286.73876733709864,1.0,0.0,0.0,3.8601427121374954,3.651436979135941,0.7170296736011124,1,19,330,40
695,330.29337275382414,1.0,0.0,0.0,1.5271865826752935,1.4766335524352567,0.11787065930850282,1,19,330,50
696,307.23358073107164,2.0,0.0,0.0,1.4293549495444904,2.1829598558268017,0.3868752631218938,1,20,330,0
697,248.2729277544853,0.0,0.0,0.0,3.096105901422385,3.023387490777154,0.20153561451722324,1,20,330,10
698,329.24501006691213,1.0,0.0,0.0,1.3623125704678571,1.4076563339380237,0.3232101375716786,1,20,330,20
699,277.05264177084547,4.0,0.0,0.0,3.414731595038202,2.513516125658408,0.7781209013103211,1,20,330,30
700,263.13628150740794,4.0,0.0,0.0,1.6380241792056012,1.0764243412198684,0.12486078987002543,1,20,330,40
701,298.78918931082563,2.0,0.0,0.0,1.3355189591597394,1.3415315907774352,0.3471616765095574,1,20,330,50
702,280.08055048289424,0.0,0.0,0.0,1.845842873452228,1.825356203813154,0.4213067425551054,1,21,330,0
703,267.69610459725914,2.0,0.0,0.0,0.9450635717100442,0.0,0.0,1,21,330,10
704,228.93191495797996,6.0,0.0,0.0,0.4281765870940307,1.3075515832810964,0.41620659565364126,1,21,330,20
705,248.736433391166,3.0,0.0,0.0,1.6571935486314635,2.2069464843085087,0.2888160471819671,1,21,330,30
706,213.41018099252534,4.0,0.0,0.0,0.5528018315329521,2.2069464843085087,0.12486078987002586,1,21,330,40
707,217.50659904586846,0.0,0.0,0.0,0.9073423720657084,0.331231992718155,0.10543441790254608,1,21,330,50
708,257.51772361628275,5.0,0.0,0.0,1.6194723489871277,1.0215214964468462,0.005716025417219517,1,22,330,0
709,190.0369951985105,1.0,0.0,0.0,0.7526730547412825,0.3491894161766244,0.11115044331976547,1,22,330,10
710,226.0987654594004,1.0,0.0,0.0,0.6941725534629499,0.9630209951685136,0.021448039420925345,1,22,330,20
711,191.9469548921841,2.0,0.0,0.0,2.9232827401202273,0.7414511563537165,0.12814698200898786,1,22,330,30
712,187.4162123482816,0.0,0.0,0.0,1.4894653830309577,0.9583621671044722,0.01624010515190922,1,22,330,40
713,263.2354375841644,0.0,0.0,0.0,0.051019795038763735,0.3198682367443273,0.021956130569128728,1,22,330,50
714,172.0843651324356,4.0,0.0,0.0,0.6611101818826556,1.1528822659566706,0.10181722203189657,1,23,330,0
715,156.22512484206572,3.0,0.0,0.0,0.051019795038763735,0.0,0.0,1,23,330,10
716,157.25372303722526,4.0,0.0,0.0,0.0,0.2508910182470942,0.0,1,23,330,20
717,142.8668128490859,2.0,0.0,0.0,0.0,0.017957423458469388,0.005716025417219533,1,23,330,30
718,158.8031479684931,3.0,0.0,0.0,0.9073423720657084,0.2508910182470942,0.07986109146276794,1,23,330,40
719,136.13660993380714,0.0,0.0,0.0,0.0,0.0,0.0,1,23,330,50
720,243.91498836727507,1.0,0.0,0.0,0.10203959007752747,0.051019795038763735,0.008412493060012289,2,0,331,0
721,116.78648275712813,0.0,0.0,0.0,0.0,0.051019795038763735,0.0162401051519092,2,0,331,10
722,164.36141223654738,0.0,0.0,0.0,0.0,0.051019795038763735,0.016240105151909236,2,0,331,20
723,125.23148693982876,1.0,0.0,0.0,0.0,0.017957423458469388,0.00571602541721952,2,0,331,30
724,116.4602379486246,4.0,0.0,0.0,0.0,0.0,0.0,2,0,331,40
725,128.30938342879142,2.0,0.0,0.0,0.5017820364941884,0.051019795038763735,0.016240105151909205,2,0,331,50
726,125.42769470453851,0.0,0.0,0.0,0.10203959007752747,0.08693464195570251,0.027663068505559666,2,1,331,0
727,116.37554902954642,0.0,0.0,0.0,0.0,0.0,0.0,2,1,331,10
728,106.10634371567404,1.0,0.0,0.0,0.051019795038763735,0.051019795038763735,0.016240105151909243,2,1,331,20
729,108.85035950254444,3.0,0.0,0.0,0.0,0.051019795038763735,0.016240105151909198,2,1,331,30
730,109.55588636165344,0.0,0.0,0.0,0.0,0.0,0.0,2,1,331,40
731,108.29451135208369,0.0,0.0,0.0,0.0,0.0,0.0,2,1,331,50
732,99.2186603178318,0.0,0.0,0.0,0.0,0.0,0.0,2,2,331,0
733,104.61652833483929,0.0,0.0,0.0,0.0,0.0,0.0,2,2,331,10
734,102.16043860169529,0.0,0.0,0.0,0.0,0.0,0.0,2,2,331,20
735,98.60770517994844,0.0,0.0,0.0,0.0,0.0,0.0,2,2,331,30
736,119.76216796039768,0.0,0.0,0.0,0.0,0.0,0.0,2,2,331,40
737,99.26288795585468,0.0,0.0,0.0,0.0,0.0,0.0,2,2,331,50
738,96.54521911723656,0.0,0.0,0.0,0.0,0.0,0.0,2,3,331,0
739,92.50034881067155,0.0,0.0,0.0,0.051019795038763735,0.0,0.0,2,3,331,10
740,99.36777278250288,0.0,0.0,0.0,0.0,0.0,0.0,2,3,331,20
741,113.6499470011102,0.0,0.0,0.0,0.0,0.0,0.0,2,3,331,30
742,99.76483921730562,0.0,0.0,0.0,0.0,0.0,0.0,2,3,331,40
743,103.35113320591715,0.0,0.0,0.0,0.0,0.0,0.0,2,3,331,50
744,99.57296842235957,0.0,0.0,0.0,0.0,0.0,0.0,2,4,331,0
745,94.10707167038343,0.0,0.0,0.0,0.0,0.0,0.0,2,4,331,10
746,95.09434844811143,0.0,0.0,0.0,0.39226174017709203,0.0,0.0,2,4,331,20
747,101.178060575613,0.0,0.0,0.0,0.39226174017709203,0.0,0.0,2,4,331,30
748,106.48963419540479,0.0,0.0,0.0,0.0,0.0,0.0,2,4,331,40
749,102.31496099998604,0.0,0.0,0.0,0.0,0.0,0.0,2,4,331,50
750,104.6700566627483,0.0,0.0,0.0,0.39226174017709203,0.2508910182470942,0.07986109146276789,2,5,331,0
751,95.4576142729459,0.0,0.0,0.0,0.39226174017709203,0.0,0.0,2,5,331,10
752,105.23002508005659,0.0,0.0,0.0,0.0,0.331231992718155,0.10543441790254611,2,5,331,20
753,111.97042998655151,0.0,0.0,0.0,0.39226174017709203,0.0,0.0,2,5,331,30
754,104.2414389660913,0.0,0.0,0.0,0.0,0.39226174017709203,0.12486078987002577,2,5,331,40
755,125.2196206113106,0.0,0.0,0.0,0.017957423458469388,0.10203959007752747,0.03248021030381844,2,5,331,50
756,133.83329273178785,0.0,0.0,0.0,1.2895941598226273,1.1157554730723391,0.2302952077725719,2,6,331,0
757,132.54973033846235,0.0,0.0,0.0,0.6038216265717159,0.2040791801550549,0.06496042060763688,2,6,331,10
758,143.0437922955228,0.0,0.0,0.0,0.4612389586743252,1.4076563339380237,0.43159765121982624,2,6,331,20
759,179.77194796996085,0.0,0.0,0.0,0.8024809038126535,1.2565317882423328,0.19642566425978225,2,6,331,30
760,187.27870520022697,0.0,0.0,0.0,1.0306297439902006,1.0447157731932288,0.33254335885954756,2,6,331,40
761,220.67125433911303,0.0,0.0,0.0,2.2711669852096144,1.1056036630659043,0.2558233795402131,2,6,331,50
762,275.06399084242406,0.0,0.0,0.0,4.644794679184882,1.1123391881368074,0.22920777050357144,2,7,331,0
763,280.44926572270884,0.0,0.0,0.0,1.2788248106088036,2.8736201421057843,0.3761640734471231,2,7,331,10
764,304.18383769790177,0.0,0.0,0.0,3.2314639917346866,4.62476055871955,0.8809849309130536,2,7,331,20
765,442.5167603251432,1.0,0.0,0.0,7.015697539784782,6.636043776766452,1.7154330808547793,2,7,331,30
766,615.4484648886981,0.0,0.0,0.0,7.452710314728463,9.097890292961166,1.4696224031437908,2,7,331,40
767,487.76909725017134,0.0,0.0,0.0,8.366065318411868,6.876856064035389,1.7085436977614292,2,7,331,50
768,466.4150937688751,0.0,0.0,0.0,5.099764877587031,4.852741015392787,1.138992924370139,2,8,331,0
769,455.4872574485425,0.0,0.0,0.0,7.190725040055081,7.714258126535403,1.6564510621712574,2,8,331,10
770,480.1136086989456,0.0,0.0,0.0,5.183522136993624,6.930940685969285,1.1517243258365022,2,8,331,20
771,520.2027365191113,2.0,0.0,0.0,4.4349152189706205,4.405594039538322,0.7919397400456849,2,8,331,30
772,767.8435061465183,2.0,0.0,0.0,4.9547806054703125,7.000043831013553,1.1323380375338772,2,8,331,40
773,638.4816333123475,1.0,0.0,0.0,4.5559251978085795,3.834704582439457,0.8175531501503175,2,8,331,50
774,667.5306111815231,3.0,0.0,0.0,2.590907579992664,5.626661814623219,0.8675672110887369,2,9,331,0
775,569.8319060230149,1.0,0.0,0.0,5.3135291029497935,7.388860404508238,1.866301730126948,2,9,331,10
776,840.6053915441948,2.0,0.0,0.0,7.652497864029693,7.0515015091041695,1.9598310941422583,2,9,331,20
777,764.8276835830617,3.0,0.0,0.0,5.681097894597513,5.676762295689511,1.0440419565041175,2,9,331,30
778,833.1629010431552,4.0,0.0,0.0,4.712289607435257,4.244036707320092,0.8885216887591681,2,9,331,40
779,618.0868824962866,0.0,0.0,0.0,4.2577861738318346,5.078953300735492,0.9371869729998126,2,9,331,50
780,605.2016848178695,2.0,0.0,0.0,3.1594087664074464,4.807282980854402,0.38063554463542837,2,10,331,0
781,399.39048777916565,1.0,0.0,0.0,2.9427538843111702,3.974427190764452,0.6382657587862173,2,10,331,10
782,343.9453469412467,3.0,0.0,0.0,2.769674594354533,4.912010056234926,0.9393430477696628,2,10,331,20
783,341.7209307874857,0.0,0.0,0.0,2.0712957620012835,2.4304951305980813,0.518213023233661,2,10,331,30
784,325.004523424141,4.0,0.0,0.0,2.4104752257577347,2.731518905129012,0.5779319948391403,2,10,331,40
785,338.8083187784042,5.0,0.0,0.0,4.754035714400113,5.322667102922339,1.0281802624484548,2,10,331,50
786,527.436934348706,3.0,0.0,0.0,3.821547844631291,4.652321031535052,0.725425898563992,2,11,331,0
787,784.6013883880357,4.0,0.0,0.0,4.69640888098365,6.8837880096255555,0.8332807979642911,2,11,331,10
788,731.8464647305707,4.0,0.0,0.0,4.6859321637647495,6.777865369813769,1.6314434156158975,2,11,331,20
789,696.5912770067872,1.0,0.0,0.0,4.372076558638119,2.488995631876414,0.2266780119019223,2,11,331,30
790,678.4393860654292,2.0,0.0,0.0,3.6134579727806986,4.194160079690734,0.8102153372311993,2,11,331,40
791,599.1779917561938,1.0,0.0,0.0,2.4249857671195563,2.14056561249344,0.6756471710645036,2,11,331,50
792,657.8815224180781,4.0,0.0,0.0,3.7885997441192143,2.410008460959008,0.6422687290398084,2,12,331,0
793,688.0975817914107,2.0,0.0,0.0,3.763921011214826,3.021116051307456,0.9454110012877902,2,12,331,10
794,808.9893242053209,0.0,0.0,0.0,6.022406940237402,4.342191569606933,0.9570451230720798,2,12,331,20
795,736.908038788436,1.0,0.0,0.0,4.735483884181639,6.942288510903888,1.3243071616192004,2,12,331,30
796,788.1691178663817,3.0,0.0,0.0,3.2312078630802064,7.096701699573831,1.6166815812318547,2,12,331,40
797,769.4784563378813,2.0,0.0,0.0,2.7283952521884034,8.73002140460479,1.7906662640108244,2,12,331,50
798,807.0264569649415,3.0,0.0,0.0,9.16193918384682,9.845017480883481,1.10539153416015,2,13,331,0
799,819.2085505384648,3.0,0.0,0.0,5.8015457792508265,4.218680573472729,0.9291708961358811,2,13,331,10
800,756.0382042841734,1.0,0.0,0.0,9.584372638870695,6.6485507001496895,1.3339454409550837,2,13,331,20
801,740.906325586485,1.0,0.0,0.0,10.8292539453236,6.953185502078988,1.2490461910420312,2,13,331,30
802,743.3172426364714,0.0,0.0,0.0,4.600932361229646,6.10972535280886,1.1801862213586234,2,13,331,40
803,665.0527654146703,4.0,0.0,0.0,3.420744226655898,4.176527563444731,1.0309881181677776,2,13,331,50
804,911.2708500009668,3.0,0.0,0.0,5.888591681631675,6.104065214921673,1.4131679969130964,2,14,331,0
805,829.4631508195317,3.0,0.0,0.0,6.476646852820003,5.388308316920477,1.693183933116577,2,14,331,10
806,648.9088805989113,0.0,0.0,0.0,6.237488465813375,7.992611537107727,1.4350567774796628,2,14,331,20
807,877.6867244445782,4.0,0.0,0.0,10.788288070759187,6.255289365563691,1.225355337206716,2,14,331,30
808,728.8535279016928,0.0,0.0,0.0,4.961810440592566,3.3749642955481214,0.6344680392882505,2,14,331,40
809,754.4990188883983,0.0,0.0,0.0,6.137241857570188,10.566563003465069,1.907354200311485,2,14,331,50
810,859.3950509943878,6.0,0.0,0.0,6.876758174503302,11.217015096559043,2.512761173874736,2,15,331,0
811,940.2148524359096,0.0,0.0,0.0,7.8432933441394335,10.255703409317773,2.284391563443328,2,15,331,10
812,687.6720490834296,2.0,0.0,0.0,7.953311002416372,10.838841945731149,2.017334080741995,2,15,331,20
813,684.8919425168438,3.0,0.0,0.0,5.1035043916786025,10.375880499194713,2.5496182609797047,2,15,331,30
814,641.0088811674922,2.0,0.0,0.0,5.586117058746929,6.009942498721325,1.4668670653832998,2,15,331,40
815,587.6866932447225,1.0,0.0,0.0,7.464653428512811,7.305370929234942,1.7294383435190397,2,15,331,50
816,627.924652610073,1.0,0.0,0.0,9.638733961760288,9.4897682625225,1.3148782091387008,2,16,331,0
817,592.5709046367838,2.0,0.0,0.0,7.805088806290832,8.004329119398713,0.8635637066931962,2,16,331,10
818,614.5018259731859,3.0,0.0,0.0,8.79765819044143,3.5337114050696417,0.9143773684040677,2,16,331,20
819,726.7468925619063,1.0,0.0,0.0,6.974022987392144,4.0218582461203045,0.4407179947868864,2,16,331,30
820,789.8973322125571,1.0,0.0,0.0,9.089845777122711,11.897436505453825,3.2524695857619053,2,16,331,40
821,765.4902770109561,0.0,0.0,0.0,4.425189432219876,12.637728600716724,2.6116038965049064,2,16,331,50
822,634.8027681612367,3.0,0.0,0.0,7.535775277842963,8.957439729735563,2.0237694058527884,2,17,331,0
823,679.0338180155584,2.0,0.0,0.0,12.766251110514892,9.33551331297495,1.544570318405489,2,17,331,10
824,691.5164191275212,4.0,0.0,0.0,7.0895442224903045,3.4770038856256487,0.6105078184295657,2,17,331,20
825,531.624613575758,0.0,0.0,0.0,5.947092182910006,6.0473560174212535,0.8465820789542419,2,17,331,30
826,539.3707830591961,2.0,0.0,0.0,5.247148231134725,4.23355999010119,0.9100371508943454,2,17,331,40
827,518.2616331313549,2.0,0.0,0.0,8.908421029887034,8.422300166877807,1.1915354797418019,2,17,331,50
828,514.056805029348,1.0,0.0,0.0,8.878916800828533,4.953862969554269,1.3501855461069932,2,18,331,0
829,522.4442110513113,1.0,0.0,0.0,5.9774917601690944,7.283786584696696,1.2792267468770147,2,18,331,10
830,501.0283576242768,3.0,0.0,0.0,5.612941267216165,4.723653363409085,1.0597601369503546,2,18,331,20
831,507.9541585639779,1.0,0.0,0.0,4.632513287295009,10.309530866907076,2.1543186767779123,2,18,331,30
832,533.2641842167391,1.0,0.0,0.0,5.152266118140727,6.4387001216823005,0.9986616409400698,2,18,331,40
833,434.9477766696916,1.0,0.0,0.0,7.079579762580362,8.164373526851152,1.2633724161080477,2,18,331,50
834,411.12445084149397,2.0,0.0,0.0,7.089800351144785,4.8648658462166905,0.7564205309887667,2,19,331,0
835,452.82742052685416,0.0,0.0,0.0,5.63381761365032,5.1825066115454925,1.3229610914162386,2,19,331,10
836,407.5767793001545,2.0,0.0,0.0,6.169595551322257,2.9532671048705135,0.6967050699127557,2,19,331,20
837,426.5687483266864,1.0,0.0,0.0,3.0060111031856303,4.292188978072726,0.8287924822065068,2,19,331,30
838,460.2791444044378,1.0,0.0,0.0,3.523701452649469,2.8438610796216364,0.4681131779249404,2,19,331,40
839,374.05216515617724,1.0,0.0,0.0,1.5259746367079006,2.9615983465245668,0.5751783265664019,2,19,331,50
840,365.3223666370697,1.0,0.0,0.0,2.3941965130653857,2.4270482485014333,0.46749729940918455,2,20,331,0
841,472.17267252772047,0.0,0.0,0.0,2.6171656479440704,3.5761893223101064,1.1220963110043087,2,20,331,10
842,323.7768011195473,0.0,0.0,0.0,1.125201615893625,2.021065960917288,0.5321702682781941,2,20,331,20
843,306.84300051692594,1.0,0.0,0.0,3.0809703561394435,1.9686617651637524,0.2209619864847034,2,20,331,30
844,290.5272851633039,0.0,0.0,0.0,0.6790676053411251,1.4535811332751358,0.11686646873698502,2,20,331,40
845,326.5817726779745,1.0,0.0,0.0,3.4481171957745365,2.777591468231712,0.4736442538814827,2,20,331,50
846,336.18532128897925,3.0,0.0,0.0,0.8155233705526013,1.025404546181105,0.12285126308859293,2,21,331,0
847,267.69390249654947,0.0,0.0,0.0,1.652534720567422,3.896749855346524,0.7050226428356072,2,21,331,10
848,410.87069605165397,0.0,0.0,0.0,3.4521145165770135,0.5821230109652492,0.1852955093653137,2,21,331,20
849,417.323529791974,0.0,0.0,0.0,2.311710063029478,0.1710168085747606,0.03401599515292545,2,21,331,30
850,275.27134854144765,1.0,0.0,0.0,3.0094273881211624,1.9786717175839252,0.4935379285147608,2,21,331,40
851,246.8268030721119,1.0,0.0,0.0,0.4842913778344463,1.6308361049609554,0.10543441790254632,2,21,331,50
852,269.5856120601124,1.0,0.0,0.0,1.243233192847905,1.176190813771272,0.08557711687998759,2,22,331,0
853,224.40102880475968,2.0,0.0,0.0,1.3135642148987925,0.4791963821327946,0.15253294585637373,2,22,331,10
854,218.48596622041862,0.0,0.0,0.0,1.086434293640042,1.1767852205312759,0.12486078987002625,2,22,331,20
855,250.0548593219992,1.0,0.0,0.0,0.6941725534629499,0.9743847511423412,0.0,2,22,331,30
856,211.89168651658989,2.0,0.0,0.0,0.7845234803541841,0.06897721849723312,0.005716025417219536,2,22,331,40
857,187.6813207271489,0.0,0.0,0.0,0.9073423720657084,0.017957423458469388,0.0032861921389621394,2,22,331,50
858,179.67653841579366,1.0,0.0,0.0,1.5504951304898946,0.8255333229727745,0.01624010515190924,2,23,331,0
859,191.55182124236,0.0,0.0,0.0,0.051019795038763735,0.051019795038763735,0.0162401051519092,2,23,331,10
860,205.0220808286715,0.0,0.0,0.0,0.0,0.0,0.0,2,23,331,20
861,166.4679962207904,4.0,0.0,0.0,0.051019795038763735,0.7745135279340107,0.1411008950219352,2,23,331,30
862,192.75575520566863,1.0,0.0,0.0,0.6941725534629499,0.9073423720657084,0.0,2,23,331,40
863,163.2483528673533,3.0,0.0,0.0,0.30191081328585795,0.0,0.0,2,23,331,50
864,149.10625939374611,4.0,0.0,0.0,0.0,0.017957423458469388,0.005716025417219505,3,0,332,0
865,156.6819950851621,3.0,0.0,0.0,0.0,0.017957423458469388,0.0,3,0,332,10
866,152.26871092521014,5.0,0.0,0.0,0.06897721849723312,0.051019795038763735,0.016240105151909205,3,0,332,20
867,153.07347896448638,3.0,0.0,0.0,0.39226174017709203,0.39226174017709203,0.12486078987002591,3,0,332,30
868,142.5385655234517,1.0,0.0,0.0,0.0,0.4432815352158557,0.0,3,0,332,40
869,135.69250727013622,0.0,0.0,0.0,0.051019795038763735,0.051019795038763735,0.016240105151909243,3,0,332,50
870,135.83823325087417,0.0,0.0,0.0,0.39226174017709203,0.051019795038763735,0.01624010515190923,3,1,332,0
871,124.00951129903612,0.0,0.0,0.0,0.051019795038763735,0.0,0.0,3,1,332,10
872,122.87233329252884,0.0,0.0,0.0,0.0,0.0,0.0,3,1,332,20
873,131.10636821568184,0.0,0.0,0.0,0.0,0.0,0.0,3,1,332,30
874,117.92522029289768,1.0,0.0,0.0,0.2508910182470942,0.0,0.0,3,1,332,40
875,115.1460573324822,0.0,0.0,0.0,0.0,0.0,0.0,3,1,332,50
876,187.04930468375994,0.0,0.0,0.0,0.0,0.39226174017709203,0.12486078987002616,3,2,332,0
877,130.28463339286878,0.0,0.0,0.0,0.051019795038763735,0.0,0.0,3,2,332,10
878,120.38433317555368,0.0,0.0,0.0,0.0,0.0,0.0,3,2,332,20
879,119.07582673788588,0.0,0.0,0.0,0.0,0.0,0.0,3,2,332,30
880,120.99285974015612,0.0,0.0,0.0,0.10203959007752747,0.10203959007752747,0.03248021030381843,3,2,332,40
881,123.62825847591299,0.0,0.0,0.0,0.39226174017709203,0.0,0.0,3,2,332,50
882,123.4846205099565,0.0,0.0,0.0,0.0,0.0,0.0,3,3,332,0
883,120.63547354754536,0.0,0.0,0.0,0.0,0.0,0.0,3,3,332,10
884,108.76113387980274,0.0,0.0,0.0,0.0,0.0,0.0,3,3,332,20
885,116.95341061492505,0.0,0.0,0.0,0.0,0.0,0.0,3,3,332,30
886,110.69604205105324,0.0,0.0,0.0,0.0,0.0,0.0,3,3,332,40
887,112.85486430162408,0.0,0.0,0.0,0.0,0.0,0.0,3,3,332,50
888,111.71857708749909,0.0,0.0,0.0,0.051019795038763735,0.2508910182470942,0.07986109146276789,3,4,332,0
889,118.09868015095759,0.0,0.0,0.0,0.39226174017709203,0.0,0.0,3,4,332,10
890,112.16821070814495,0.0,0.0,0.0,0.0,0.0,0.0,3,4,332,20
891,111.95815913865309,0.0,0.0,0.0,0.0,0.0,0.0,3,4,332,30
892,113.2526527884276,0.0,0.0,0.0,0.0,0.0,0.0,3,4,332,40
893,118.03959099221876,0.0,0.0,0.0,0.0,0.0,0.0,3,4,332,50
894,116.14067529559624,0.0,0.0,0.0,0.0,0.0,0.0,3,5,332,0
895,124.508622069482,0.0,0.0,0.0,0.0,0.0,0.0,3,5,332,10
896,115.59316624786041,0.0,0.0,0.0,0.0,0.39226174017709203,0.09782331130962307,3,5,332,20
897,136.99845595360654,1.0,0.0,0.0,0.0,0.2508910182470942,0.025345356540201862,3,5,332,30
898,122.96200316546772,0.0,0.0,0.0,0.6431527584241863,0.10203959007752747,0.03248021030381841,3,5,332,40
899,132.59039041787892,0.0,0.0,0.0,0.30191081328585795,0.0,0.0,3,5,332,50
900,139.99272963722663,0.0,0.0,0.0,0.051019795038763735,0.051019795038763735,0.016240105151909223,3,6,332,0
901,164.83720320779972,0.0,0.0,0.0,0.2508910182470942,1.2996041122428004,0.41367683705199215,3,6,332,10
902,155.66500078523404,0.0,0.0,0.0,0.06897721849723312,0.4943013302546195,0.141100895021935,3,6,332,20
903,172.3002960373027,0.0,0.0,0.0,1.6487935284194246,0.7845234803541841,0.0,3,6,332,30
904,203.30683458495227,0.0,0.0,0.0,0.5302161771715582,0.9743847511423414,0.30992312816537154,3,6,332,40
905,273.4200136808062,0.0,0.0,0.0,1.652534720567422,5.164956091150166,0.5404063523357746,3,6,332,50
906,240.54755536837814,0.0,0.0,0.0,1.4894653830309577,1.9255894411632848,0.027697516764838077,3,7,332,0
907,274.11381811578894,0.0,0.0,0.0,3.4656254635299293,3.268009748752072,0.5603648128428835,3,7,332,10
908,291.20557485463,0.0,0.0,0.0,5.044213896445504,5.890059756253548,0.7585076022110862,3,7,332,20
909,384.19077064661377,0.0,0.0,0.0,6.555377895082928,6.68034569318778,1.295015730275536,3,7,332,30
910,487.5502117777578,0.0,0.0,0.0,5.888591681631674,4.115497815985793,0.3945430918104562,3,7,332,40
911,453.1505718470471,1.0,0.0,0.0,5.1332957293802925,4.655098941656403,1.459807883723808,3,7,332,50
912,419.71601944447747,0.0,0.0,0.0,4.919152484368972,2.854079990129631,0.7076830743452412,3,8,332,0
913,503.74734602153575,0.0,0.0,0.0,4.534551489414578,4.932856458370484,1.2504821165080047,3,8,332,10
914,531.8447832419604,1.0,0.0,0.0,6.804462560602625,3.461868340342707,0.700789568449203,3,8,332,20
915,563.5043573878891,1.0,0.0,0.0,1.465143869914393,2.062753884202984,0.038196235721038,3,8,332,30
916,506.1352275361664,0.0,0.0,0.0,6.902774329425213,5.0034130119147315,1.1962805856502252,3,8,332,40
917,534.0999110424966,1.0,0.0,0.0,5.311127498730467,6.83386421142954,1.1799648982872282,3,8,332,50
918,587.251323785832,1.0,0.0,0.0,5.372042975121183,3.828466419328398,0.8145576237560725,3,9,332,0
919,744.8636206700122,1.0,0.0,0.0,4.38914694334166,5.459558652943832,1.3575106828009067,3,9,332,10
920,728.9890665433263,1.0,0.0,0.0,5.209751093970928,11.065508495661838,2.0184165383311217,3,9,332,20
921,762.1003766059073,0.0,0.0,0.0,7.158280207682173,11.32777793600465,2.8413331507648363,3,9,332,30
922,601.6424522764445,0.0,0.0,0.0,6.064395804963678,5.434540797201994,1.5728212365822556,3,9,332,40
923,686.6568369263464,2.0,0.0,0.0,6.309610791642173,3.5393874366382403,0.6017947317449001,3,9,332,50
924,729.8356816111105,3.0,0.0,0.0,5.220648929877956,6.084753987909548,1.5622549797377785,3,10,332,0
925,912.5619301773147,3.0,0.0,0.0,6.3540369191962975,3.7135627234376254,0.8505191684035012,3,10,332,10
926,900.5966107828676,3.0,0.0,0.0,1.9938072628668675,3.6756631628665866,0.9040382381300549,3,10,332,20
927,707.5292468466669,2.0,0.0,0.0,2.7302016049158007,5.3452359929200055,1.020894967488168,3,10,332,30
928,832.4519999062294,5.0,0.0,0.0,5.304406189284547,3.6197284111093007,0.986608554363723,3,10,332,40
929,699.84203044733,3.0,0.0,0.0,4.206766378793072,5.837445960045874,1.71915477733572,3,10,332,50
930,831.5785986670256,2.0,0.0,0.0,6.331775327315443,10.70462870088468,2.1698105603329756,3,11,332,0
931,781.7315129938482,7.0,0.0,0.0,6.631851750858954,10.933386613944123,1.4171413750833788,3,11,332,10
932,845.8011033946651,0.0,0.0,0.0,8.072952511578789,7.439907403237452,1.781782031560682,3,11,332,20
933,776.9484785585721,2.0,0.0,0.0,4.257755576670719,3.98745628661134,1.196477150511458,3,11,332,30
934,720.0512639713305,0.0,0.0,0.0,2.2765852100673056,5.0237578239675456,1.3332557314560942,3,11,332,40
935,705.3163512045413,0.0,0.0,0.0,6.463220615464298,7.099087410111751,1.55573387025668,3,11,332,50
936,748.7816449088353,0.0,0.0,0.0,8.476436150143448,8.597058167600563,1.4129180400758474,3,12,332,0
937,771.2788910645319,1.0,0.0,0.0,7.702389387008164,8.067601387222657,1.1457801366209766,3,12,332,10
938,679.447793879581,2.0,0.0,0.0,5.033737179226604,4.669653451072398,1.02117185219806,3,12,332,20
939,776.9996037914674,5.0,0.0,0.0,5.907143511850148,7.732291602307407,0.7668870108046744,3,12,332,30
940,897.9833648501185,2.0,0.0,0.0,3.3464158838025333,7.280806467398773,1.251522647086643,3,12,332,40
941,841.1541224566098,1.0,0.0,0.0,6.4358476463456595,5.065220215759879,1.0780051178387506,3,12,332,50
942,752.0515988966897,0.0,0.0,0.0,8.884450974810871,7.978718534953297,1.4052793568835902,3,13,332,0
943,805.0821381550624,0.0,0.0,0.0,8.537209768947903,9.431509674273665,1.6430549326195882,3,13,332,10
944,802.4957567785834,0.0,0.0,0.0,4.980654902805962,10.956114125891776,1.661292960139974,3,13,332,20
945,754.8153698382886,1.0,0.0,0.0,9.79193520446284,11.154924177541378,2.2636891605128038,3,13,332,30
946,711.726127859445,1.0,0.0,0.0,8.289636312779756,8.070409894505126,1.475765101528644,3,13,332,40
947,643.6504952899268,1.0,0.0,0.0,6.9013765578173825,8.600767084531022,1.891886087415357,3,13,332,50
948,660.5964800719263,0.0,0.0,0.0,3.5596999734735095,5.956215096575253,1.1921557953819204,3,14,332,0
949,716.9304813993492,8.0,0.0,0.0,3.6722162807699386,3.760632368240571,0.9861776253086442,3,14,332,10
950,669.7362164991522,2.0,0.0,0.0,4.814763687093969,6.8937962839893006,1.9896416291980803,3,14,332,20
951,648.4304759006618,0.0,0.0,0.0,5.388052188265994,7.219934959062233,1.915420430783833,3,14,332,30
952,644.3121362583853,2.0,0.0,0.0,6.173929472173834,8.004458439416414,1.3240060805303306,3,14,332,40
953,667.8750386837695,3.0,0.0,0.0,4.444456691177825,7.714528921311772,1.6931973079982836,3,14,332,50
954,746.8397022799312,0.0,0.0,0.0,7.749119229249527,9.498566268975283,1.6531526082731713,3,15,332,0
955,704.23904107821,1.0,0.0,0.0,9.510074893178444,9.501388147150811,2.3193093535736096,3,15,332,10
956,732.9255955153435,3.0,0.0,0.0,7.8859802194677195,8.557567118569276,1.3077476069604952,3,15,332,20
957,786.0092993241233,4.0,0.0,0.0,10.392143280847835,11.903871933816072,2.0154572132867634,3,15,332,30
958,659.8759934722927,4.0,0.0,0.0,5.295894908647365,4.904227575230277,0.8012978103684797,3,15,332,40
959,616.6727062533439,0.0,0.0,0.0,3.795065769642578,4.238542047321272,0.8634370237382016,3,15,332,50
960,620.0632950262559,0.0,0.0,0.0,5.676920534811903,6.347008762130472,1.1521907741648776,3,16,332,0
961,645.9947424005363,3.0,0.0,0.0,8.26175428886464,4.761358181517288,0.736419671957873,3,16,332,10
962,624.6499687633891,5.0,0.0,0.0,3.8626745184642655,5.592710726231571,1.0469453359726153,3,16,332,20
963,580.124766180333,0.0,0.0,0.0,6.13951497509631,9.842066282690253,2.4257012697868325,3,16,332,30
964,626.2440221852978,1.0,0.0,0.0,10.204976246273931,11.281656716148277,2.2582038461628935,3,16,332,40
965,691.8367293440042,2.0,0.0,0.0,7.932710061709081,9.720264594483284,1.9447891960396677,3,16,332,50
966,765.4879737503456,2.0,0.0,0.0,5.238875852883963,9.75854792567008,1.851848241396602,3,17,332,0
967,588.6610364397583,1.0,0.0,0.0,6.618807568704767,7.592771201158979,1.108000724213055,3,17,332,10
968,731.0084979690953,2.0,0.0,0.0,8.863767884652534,7.3869221716169715,1.3232461511385893,3,17,332,20
969,642.081972508636,3.0,0.0,0.0,5.258497771483569,6.1899080881575275,1.4106202656022806,3,17,332,30
970,557.8069880149602,0.0,0.0,0.0,6.685721461088197,8.527330018635174,1.8388849072154976,3,17,332,40
971,482.8820214749019,2.0,0.0,0.0,6.353008022855109,4.546963046054079,0.4091207797622994,3,17,332,50
972,455.4606758475692,0.0,0.0,0.0,6.316768268725704,6.977945551109919,1.7893182318806937,3,18,332,0
973,570.6865119642074,2.0,0.0,0.0,5.54170598014229,6.887527523717126,1.2475729793900905,3,18,332,10
974,550.3727374015401,1.0,0.0,0.0,5.867149847542205,7.817035276188028,1.4248747017643126,3,18,332,20
975,492.0346392384394,2.0,0.0,0.0,7.284545981490347,7.472179780862981,1.0584753246934508,3,18,332,30
976,531.0510739219461,1.0,0.0,0.0,4.6581461594558835,4.274825961374261,0.8164657128813174,3,18,332,40
977,434.2169696797606,1.0,0.0,0.0,7.9264867939471415,4.26434924415536,0.7677453974255882,3,18,332,50
978,421.03323374005294,0.0,0.0,0.0,2.4236319635659007,5.717930377430495,0.8926500581204195,3,19,332,0
979,388.39318746628095,0.0,0.0,0.0,2.718979706528235,4.226371915856545,0.4460890101422154,3,19,332,10
980,310.74246293131404,1.0,0.0,0.0,3.4096365993365496,3.437347846560713,0.7282818498927427,3,19,332,20
981,334.18792233854566,2.0,0.0,0.0,1.289594159822627,2.6403763062265853,0.635736000184568,3,19,332,30
982,306.0878248596845,0.0,0.0,0.0,3.706196288266277,1.4075304073909871,0.20153561451722335,3,19,332,40
983,357.6742516434199,1.0,0.0,0.0,2.713387348866738,2.183668533655024,0.598074114696429,3,19,332,50
984,335.20674288608797,3.0,0.0,0.0,1.8802590485861763,1.5216407158563248,0.17358110532575358,3,20,332,0
985,293.19536483786135,4.0,0.0,0.0,3.6339140452586567,4.00551075486997,0.31619609428068624,3,20,332,10
986,291.8470760689524,1.0,0.0,0.0,2.3646646974888417,2.833526219988997,0.46625966069303404,3,20,332,20
987,293.1701554942987,0.0,0.0,0.0,2.0741176401768118,0.7121299769214193,0.0057160254172195215,3,20,332,30
988,306.3125129916973,1.0,0.0,0.0,0.8004184224307762,0.10203959007752747,0.03248021030381847,3,20,332,40
989,378.17686434202994,4.0,0.0,0.0,2.70237608662342,1.5216407158563248,0.35949249320682264,3,20,332,50
990,295.14769252542715,3.0,0.0,0.0,3.7546197366228764,0.6941725534629499,0.22096198648470303,3,21,332,0
991,242.48877445978428,1.0,0.0,0.0,0.8535006988514172,3.420744226655898,0.4643110325936142,3,21,332,10
992,240.49198396510064,2.0,0.0,0.0,0.8434907464312438,1.7098232758783618,0.13057681528724535,3,21,332,20
993,244.03829175860832,2.0,0.0,0.0,0.7845234803541841,0.6611101818826556,0.12486078987002563,3,21,332,30
994,238.39946839508843,3.0,0.0,0.0,2.6071556955238973,0.4432815352158557,0.12486078987002609,3,21,332,40
995,413.3331666945125,3.0,0.0,0.0,1.2385743647838634,0.5528018315329521,0.07986109146276793,3,21,332,50
996,295.18816022967553,2.0,0.0,0.0,1.5297158288558974,0.9763195905629416,0.021956130569128766,3,22,332,0
997,415.1727130059444,3.0,0.0,0.0,1.1667752681111028,3.58619927473028,0.8062239863517489,3,22,332,10
998,211.97366733020985,0.0,0.0,0.0,1.0140407902072772,0.10203959007752747,0.01624010515190923,3,22,332,20
999,193.71514372990217,3.0,0.0,0.0,0.0,1.4894653830309577,0.0,3,22,332,30
1000,206.0474585270697,1.0,0.0,0.0,0.7234937328952471,0.9073423720657084,0.0,3,22,332,40
1001,184.55754100741123,1.0,0.0,0.0,0.0,0.051019795038763735,0.016240105151909184,3,22,332,50
1002,186.62807684668712,2.0,0.0,0.0,0.39226174017709203,1.2385743647838634,0.0,3,23,332,0
1003,177.45157843744667,1.0,0.0,0.0,0.9073423720657084,0.017957423458469388,0.003286192138962141,3,23,332,10
1004,180.72989780161254,1.0,0.0,0.0,0.051019795038763735,1.1157554730723391,0.0,3,23,332,20
1005,277.41326843276863,0.0,0.0,0.0,0.8036928497800463,0.2688484417055636,0.005716025417219534,3,23,332,30
1006,360.0294461321177,3.0,0.0,0.0,0.0,0.0,0.0,3,23,332,40
1007,365.171034258813,3.0,0.0,0.0,0.0,0.39226174017709203,0.12486078987002568,3,23,332,50
1008,138.00940398937314,1.0,0.0,0.0,0.0,0.0,0.0,4,0,333,0
